,importance
rsi_14,0.10146166295049408
sma_20_ratio,0.08569020892267974
sma_10_ratio,0.08190990625997553
return_5d,0.06961809684558873
ema_12_26,0.06419594900192643
sma_5_ratio,0.05240725657927175
volume_z20,0.05201442474692327
return_1d,0.051541960483672156
volatility_10,0.05088791644120142
return_2d,0.05013289129090906
volume_change,0.050053814826315844
volatility_20,0.04578462829810115
close_to_low,0.04405156576266934
intraday_return,0.0418272214939236
range_pct,0.04074373698292973
volatility_5,0.04009201661651548
close_to_high,0.04001257113819372
overnight_gap,0.03757417135870907
