x,y
1.0,1.0
1.02,1.312316502840562
1.04,1.6070366917270402
1.06,1.8850206857721885
1.08,2.147092741767505
1.1,2.394042703051042
1.12,2.626627390704042
1.1400000000000001,2.84557193935535
1.16,3.051571079782811
1.18,3.2452903704146667
1.2,3.427367379751141
1.22,3.59841282164685
1.24,3.7590116453182296
1.26,3.9097240818667576
1.28,4.051086649038194
1.3,4.183613115870294
1.32,4.307795428816353
1.34,4.424104600869386
1.3599999999999999,4.532991565151665
1.38,4.634887994376607
1.4,4.730207087534561
1.42,4.819344325100763
1.44,4.902678194012546
1.46,4.98057088361373
1.48,5.053368953716892
1.5,5.121403975888829
1.52,5.184993149020935
1.54,5.244439890204357
1.56,5.300034401889558
1.58,5.352054216271242
1.6,5.4007647178025175
1.62,5.446419644706494
1.6400000000000001,5.489261570319206
1.6600000000000001,5.52952236506491
1.6800000000000002,5.567423639833145
1.7000000000000002,5.603177171496564
1.72,5.6369853112794
1.74,5.66904137665836
1.76,5.69953002745085
1.78,5.728627626719544
1.8,5.756502587097464
1.82,5.783315703113876
1.8399999999999999,5.80922047007837
1.8599999999999999,5.834363390058465
1.88,5.858884265464918
1.9,5.882916480738595
1.92,5.906587272613232
1.94,5.930017989409646
1.96,5.9533243397989635
1.98,5.976616631455078
2.0,6.0
