date,conditional_volatility,volatility_regime
2018-06-19,0.1709813751159914,high
2018-06-20,0.1572596396629178,high
2018-06-21,0.16061052604407086,high
2018-06-22,0.15935548475901495,high
2018-06-25,0.1478841770423114,medium
2018-06-26,0.13763086812285127,medium
2018-06-27,0.12874966862999088,medium
2018-06-28,0.12069701738144421,medium
2018-06-29,0.1175889243395864,medium
2018-07-02,0.11302022455540288,low
2018-07-03,0.14009023571920176,medium
2018-07-04,0.13400394866749357,medium
2018-07-05,0.12834942908024358,medium
2018-07-06,0.12420426431172285,medium
2018-07-09,0.1301045419276999,medium
2018-07-10,0.12218625201321154,medium
2018-07-11,0.11825360920839598,medium
2018-07-12,0.11850471909340697,medium
2018-07-13,0.12342231706391539,medium
2018-07-16,0.11614434605974187,low
2018-07-17,0.11346449633730116,low
2018-07-18,0.11346676775179691,low
2018-07-19,0.1153484461499807,low
2018-07-20,0.11003258154629339,low
2018-07-23,0.10755657147400777,low
2018-07-24,0.11658648486477967,low
2018-07-25,0.11673098435645596,medium
2018-07-26,0.11232377190349925,low
2018-07-27,0.10672161018693839,low
2018-07-30,0.11540865678237971,low
2018-07-31,0.11360700188561383,low
2018-08-01,0.10811736236123343,low
2018-08-02,0.10326447254685191,low
2018-08-03,0.10407377484992351,low
2018-08-06,0.09981755492085972,low
2018-08-07,0.10239890073865653,low
2018-08-08,0.1006299195030619,low
2018-08-09,0.09775156179473717,low
2018-08-10,0.09996795413865167,low
2018-08-13,0.09896431986520982,low
2018-08-14,0.09817113865159155,low
2018-08-15,0.10837974776331029,low
2018-08-16,0.11110347217911683,low
2018-08-17,0.10568306129949809,low
2018-08-20,0.10158666405268252,low
2018-08-21,0.09825034038248658,low
2018-08-22,0.10905177577036874,low
2018-08-23,0.10591813796489037,low
2018-08-24,0.10165684992513004,low
2018-08-27,0.09785580828947339,low
2018-08-28,0.09630832022691511,low
2018-08-29,0.1023951871430383,low
2018-08-30,0.10812320158022672,low
2018-08-31,0.10316951475949539,low
2018-09-03,0.10295643414273435,low
2018-09-04,0.09893753634660851,low
2018-09-05,0.09758941095967699,low
2018-09-06,0.10982232907832852,low
2018-09-07,0.12045370320346564,medium
2018-09-10,0.11426037852204633,low
2018-09-11,0.10835113240755062,low
2018-09-12,0.11189433151072711,low
2018-09-13,0.1064158822616403,low
2018-09-14,0.11088294357691178,low
2018-09-17,0.11417256415192077,low
2018-09-18,0.10955913180357732,low
2018-09-19,0.10699319136686467,low
2018-09-20,0.10644482020992167,low
2018-09-21,0.10394666448658652,low
2018-09-24,0.10093545424040876,low
2018-09-25,0.09725517257545387,low
2018-09-26,0.09445584431812766,low
2018-09-27,0.09229842672404821,low
2018-09-28,0.09052788379514566,low
2018-10-01,0.0948913849032456,low
2018-10-02,0.1579239241326201,high
2018-10-03,0.15127822503293273,high
2018-10-04,0.1417783406213939,medium
2018-10-05,0.1347936705587286,medium
2018-10-08,0.12610783732828965,medium
2018-10-09,0.14551751285408385,medium
2018-10-10,0.14661471253856817,medium
2018-10-11,0.13625014210123432,medium
2018-10-12,0.20649984942370017,high
2018-10-15,0.188385680707889,high
2018-10-16,0.18004860196369052,high
2018-10-17,0.16918615188580688,high
2018-10-18,0.16956492972300216,high
2018-10-19,0.1560088082008958,high
2018-10-22,0.14422711996000792,medium
2018-10-23,0.13962381072673094,medium
2018-10-24,0.14338368397417003,medium
2018-10-25,0.13447083181481553,medium
2018-10-26,0.21447536853037327,high
2018-10-29,0.19548909405715742,high
2018-10-30,0.19032284883286382,high
2018-10-31,0.19019295689834184,high
2018-11-01,0.1765400200590124,high
2018-11-02,0.1623464090407052,high
2018-11-05,0.14998484866380554,medium
2018-11-06,0.14187136725849764,medium
2018-11-07,0.1422684365993901,medium
2018-11-08,0.13566688074323147,medium
2018-11-09,0.13264712724736943,medium
2018-11-12,0.12412206526796792,medium
2018-11-13,0.12127341166138647,medium
2018-11-14,0.1521975307265735,high
2018-11-15,0.17358417085427244,high
2018-11-16,0.16045306575959478,high
2018-11-19,0.14830030179656062,medium
2018-11-20,0.1408805528467619,medium
2018-11-21,0.1336164748751727,medium
2018-11-22,0.1290274278091248,medium
2018-11-23,0.1316253415424349,medium
2018-11-26,0.1246273707072494,medium
2018-11-27,0.12373032306382059,medium
2018-11-28,0.12805605285611543,medium
2018-11-29,0.12011934273810769,medium
2018-11-30,0.11716176647414173,medium
2018-12-03,0.14515190542025116,medium
2018-12-04,0.17522375333979587,high
2018-12-05,0.1700707842049789,high
2018-12-06,0.16389357894734247,high
2018-12-07,0.1518933455891499,high
2018-12-10,0.14400344733874865,medium
2018-12-11,0.19175479146664548,high
2018-12-12,0.17642121944642247,high
2018-12-13,0.18096971563377995,high
2018-12-14,0.16627674243137835,high
2018-12-17,0.1651795903808779,high
2018-12-18,0.1661888871619059,high
2018-12-19,0.1728275357746816,high
2018-12-20,0.1588634221290606,high
2018-12-21,0.1706964183897761,high
2018-12-24,0.16446805036083023,high
2018-12-27,0.15548075703634742,high
2018-12-28,0.1751077955528971,high
2018-12-31,0.17591257251673253,high
2019-01-02,0.16176675185779948,high
2019-01-03,0.216236495182603,high
2019-01-04,0.21808502178274133,high
2019-01-07,0.20077724057462473,high
2019-01-08,0.19802566821398054,high
2019-01-09,0.185929308828705,high
2019-01-10,0.17977295291579848,high
2019-01-11,0.16621309595608794,high
2019-01-14,0.15562206055216105,high
2019-01-15,0.14387369941907216,medium
2019-01-16,0.1409573276294293,medium
2019-01-17,0.13290465553895928,medium
2019-01-18,0.125546392093581,medium
2019-01-21,0.12080050697448187,medium
2019-01-22,0.11438853465004785,low
2019-01-23,0.11210650279449483,low
2019-01-24,0.10753126695823585,low
2019-01-25,0.10574527474606514,low
2019-01-29,0.10903356627600003,low
2019-01-30,0.11240405369946194,low
2019-01-31,0.10826755093909395,low
2019-02-01,0.10400477605161915,low
2019-02-04,0.10018899825879087,low
2019-02-05,0.10111518038075203,low
2019-02-06,0.14696382886006312,medium
2019-02-07,0.13830472258114368,medium
2019-02-08,0.1473043618087748,medium
2019-02-11,0.1393836233354158,medium
2019-02-12,0.13077286321303142,medium
2019-02-13,0.12585117398600662,medium
2019-02-14,0.11846848089649507,medium
2019-02-15,0.11238251948633861,low
2019-02-18,0.10732399576337996,low
2019-02-19,0.11514847188277794,low
2019-02-20,0.11081375164674281,low
2019-02-21,0.10566876437131036,low
2019-02-22,0.10982903999789893,low
2019-02-25,0.10931750130797127,low
2019-02-26,0.10465492877760012,low
2019-02-27,0.10793848694331992,low
2019-02-28,0.10671727289971339,low
2019-03-01,0.10292671581484829,low
2019-03-04,0.10688350288671497,low
2019-03-05,0.10418802767835117,low
2019-03-06,0.10138927854793692,low
2019-03-07,0.1080713133866838,low
2019-03-08,0.10837739026715902,low
2019-03-11,0.11891313478514477,medium
2019-03-12,0.1137692520988185,low
2019-03-13,0.1080648884430133,low
2019-03-14,0.10413620283750961,low
2019-03-15,0.10039152623022188,low
2019-03-18,0.09699598012128412,low
2019-03-19,0.09418136157312298,low
2019-03-20,0.09165698385505673,low
2019-03-21,0.09146773738061709,low
2019-03-22,0.08932034625491761,low
2019-03-25,0.09176472480073182,low
2019-03-26,0.11225725913580807,low
2019-03-27,0.10669892257677117,low
2019-03-28,0.10207670537124794,low
2019-03-29,0.1065119923320232,low
2019-04-01,0.10199820678734112,low
2019-04-02,0.10463995976582062,low
2019-04-03,0.10397729222524724,low
2019-04-04,0.10595017619094302,low
2019-04-05,0.11338311479736364,low
2019-04-08,0.11669571873814205,medium
2019-04-09,0.1180024321453258,medium
2019-04-10,0.11156326521602482,low
2019-04-11,0.10611275458024634,low
2019-04-12,0.10313126166398902,low
2019-04-15,0.10951271269245257,low
2019-04-16,0.10447553572078475,low
2019-04-17,0.104435384792422,low
2019-04-18,0.10133576506865569,low
2019-04-23,0.09748558390481929,low
2019-04-24,0.11391862555091031,low
2019-04-26,0.11990971988078822,medium
2019-04-29,0.11326303969806246,low
2019-04-30,0.10981074569434286,low
2019-05-01,0.10900507177839243,low
2019-05-02,0.11360638021698957,low
2019-05-03,0.11314128111193526,low
2019-05-06,0.1074043310792647,low
2019-05-07,0.1163081687895449,low
2019-05-08,0.11083537242969815,low
2019-05-09,0.10836956150504409,low
2019-05-10,0.10753904201005915,low
2019-05-13,0.10347951860065334,low
2019-05-14,0.09927372858300305,low
2019-05-15,0.10690981784100669,low
2019-05-16,0.11218741957907118,low
2019-05-17,0.11671591299157918,medium
2019-05-20,0.11660184398293368,medium
2019-05-21,0.15174023773806547,high
2019-05-22,0.14220712093719495,medium
2019-05-23,0.1324586038365439,medium
2019-05-24,0.12434745206367474,medium
2019-05-27,0.12314645093183405,medium
2019-05-28,0.11590846736448074,low
2019-05-29,0.11305597477883657,low
2019-05-30,0.11337976184567683,low
2019-05-31,0.11804052218085155,medium
2019-06-03,0.1115634062961727,low
2019-06-04,0.12300157585547777,medium
2019-06-05,0.11655831499367798,low
2019-06-06,0.11270338325414817,low
2019-06-07,0.11070867393280001,low
2019-06-11,0.11615050768991568,low
2019-06-12,0.14762986141968115,medium
2019-06-13,0.13701278940007017,medium
2019-06-14,0.12785511633104413,medium
2019-06-17,0.12009838834269186,medium
2019-06-18,0.11485002739287208,low
2019-06-19,0.11322262372047816,low
2019-06-20,0.13146716838694864,medium
2019-06-21,0.12712286322444002,medium
2019-06-24,0.12404741734067763,medium
2019-06-25,0.11771596065023923,medium
2019-06-26,0.11131422555863367,low
2019-06-27,0.10722469985975974,low
2019-06-28,0.10541041289043004,low
2019-07-01,0.105206181713474,low
2019-07-02,0.10593346053368896,low
2019-07-03,0.1014212170953708,low
2019-07-04,0.10346229350084725,low
2019-07-05,0.104328757293151,low
2019-07-08,0.1039411943181225,low
2019-07-09,0.11823124845476461,medium
2019-07-10,0.11271817671946602,low
2019-07-11,0.10946935369721046,low
2019-07-12,0.1075907234081076,low
2019-07-15,0.10449660061975576,low
2019-07-16,0.10651611483254553,low
2019-07-17,0.10254560787309493,low
2019-07-18,0.10259834729140997,low
2019-07-19,0.10149078352570341,low
2019-07-22,0.11147364857953472,low
2019-07-23,0.10704066734445251,low
2019-07-24,0.10675945711604928,low
2019-07-25,0.11255770885698055,low
2019-07-26,0.11233732535367749,low
2019-07-29,0.10803677012499872,low
2019-07-30,0.10742546463083255,low
2019-07-31,0.10383339696047832,low
2019-08-01,0.10285250719538698,low
2019-08-02,0.10157428163901853,low
2019-08-05,0.09978313262545027,low
2019-08-06,0.12949092466486192,medium
2019-08-07,0.21134285332533143,high
2019-08-08,0.19598990692001997,high
2019-08-09,0.1861212743678406,high
2019-08-12,0.17144640606354103,high
2019-08-13,0.15769009935288408,high
2019-08-14,0.14653366359360326,medium
2019-08-15,0.1444115502750897,medium
2019-08-16,0.2260831195566049,high
2019-08-19,0.20568358457802438,high
2019-08-20,0.1987008413205347,high
2019-08-21,0.19608495729959116,high
2019-08-22,0.18860770950165173,high
2019-08-23,0.17396462301190496,high
2019-08-26,0.16114857530820392,high
2019-08-27,0.16456795701531854,high
2019-08-28,0.15434368137559845,high
2019-08-29,0.1465179523064978,medium
2019-08-30,0.13617720417956353,medium
2019-09-02,0.15884487697975064,high
2019-09-03,0.14706410499708808,medium
2019-09-04,0.1382562243444986,medium
2019-09-05,0.12982258242247904,medium
2019-09-06,0.14645117868312166,medium
2019-09-09,0.13965530316382538,medium
2019-09-10,0.13005716801656453,medium
2019-09-11,0.12416849749299895,medium
2019-09-12,0.11698776412099038,medium
2019-09-13,0.11342179113042979,low
2019-09-16,0.10866054198097617,low
2019-09-17,0.10373946785108691,low
2019-09-18,0.10171799414554532,low
2019-09-19,0.0991295659939621,low
2019-09-20,0.10458071267263427,low
2019-09-23,0.10025676006680645,low
2019-09-24,0.09914413781398246,low
2019-09-25,0.09566685181249766,low
2019-09-26,0.09986037724412605,low
2019-09-27,0.10045867748399763,low
2019-09-30,0.10346209776226147,low
2019-10-01,0.09941729813009449,low
2019-10-02,0.10415482019789125,low
2019-10-03,0.13754663177391,medium
2019-10-04,0.18351113381070075,high
2019-10-07,0.16972616278239264,high
2019-10-08,0.1607013996742065,high
2019-10-09,0.15168627166505294,high
2019-10-10,0.1480919663720459,medium
2019-10-11,0.1410274166812142,medium
2019-10-14,0.13409219849892598,medium
2019-10-15,0.1283840511778911,medium
2019-10-16,0.12092031991835188,medium
2019-10-17,0.13695134064256592,medium
2019-10-18,0.13574483672623008,medium
2019-10-21,0.13122516116679225,medium
2019-10-22,0.12282766942270908,medium
2019-10-23,0.11747834586601806,medium
2019-10-24,0.11111290387696028,low
2019-10-25,0.10769847957038928,low
2019-10-28,0.11052654012657673,low
2019-10-29,0.105215110181239,low
2019-10-30,0.10072979212737844,low
2019-10-31,0.10761372056748829,low
2019-11-01,0.10555681793744272,low
2019-11-04,0.10158184552094587,low
2019-11-05,0.09775316762097692,low
2019-11-06,0.09658921131785558,low
2019-11-07,0.1005794427983233,low
2019-11-08,0.11630599098535829,low
2019-11-11,0.11016344059259091,low
2019-11-12,0.11725981871591903,medium
2019-11-13,0.11132582412590947,low
2019-11-14,0.11560227032928079,low
2019-11-15,0.11646095626966466,low
2019-11-18,0.1231462525066994,medium
2019-11-19,0.12064407614644289,medium
2019-11-20,0.12420249030486091,medium
2019-11-21,0.14239294036619674,medium
2019-11-22,0.1388089891542419,medium
2019-11-25,0.13339421058994913,medium
2019-11-26,0.1260172001655737,medium
2019-11-27,0.12741723041541764,medium
2019-11-28,0.13413005187552254,medium
2019-11-29,0.12549345816038832,medium
2019-12-02,0.11855740251596235,medium
2019-12-03,0.11473595033865507,low
2019-12-04,0.18115654834594738,high
2019-12-05,0.18589975908778028,high
2019-12-06,0.18134857382905997,high
2019-12-09,0.16748623130391077,high
2019-12-10,0.15716336820177806,high
2019-12-11,0.14862156265514687,medium
2019-12-12,0.14262616527100588,medium
2019-12-13,0.13634074505677726,medium
2019-12-16,0.13240523717196434,medium
2019-12-17,0.15261090099655603,high
2019-12-18,0.14128578630521063,medium
2019-12-19,0.13343467674574222,medium
2019-12-20,0.12497965566227837,medium
2019-12-23,0.12575465969009486,medium
2019-12-24,0.11972267153364545,medium
2019-12-27,0.11299185214095407,low
2019-12-30,0.11050992028907697,low
2019-12-31,0.10529229707501515,low
2020-01-02,0.14153398980689283,medium
2020-01-03,0.14220273492505775,medium
2020-01-06,0.13625819328576427,medium
2020-01-07,0.12770203731150784,medium
2020-01-08,0.14642106701790208,medium
2020-01-09,0.1367627745638871,medium
2020-01-10,0.13689530864419114,medium
2020-01-13,0.1421343661029181,medium
2020-01-14,0.13846856448917672,medium
2020-01-15,0.13958864562943707,medium
2020-01-16,0.13285962839317625,medium
2020-01-17,0.132835328018132,medium
2020-01-20,0.12630600448165138,medium
2020-01-21,0.1188727602942954,medium
2020-01-22,0.11323451836886761,low
2020-01-23,0.1228131052805692,medium
2020-01-24,0.12237829320413256,medium
2020-01-28,0.11531501634033127,low
2020-01-29,0.13623157353832244,medium
2020-01-30,0.13108724633784336,medium
2020-01-31,0.12459573476716819,medium
2020-02-03,0.11723270947900305,medium
2020-02-04,0.13529419146406885,medium
2020-02-05,0.12787395512869926,medium
2020-02-06,0.12289220297865676,medium
2020-02-07,0.13135367060191794,medium
2020-02-10,0.12601193622884752,medium
2020-02-11,0.11884446238264436,medium
2020-02-12,0.1199182824706087,medium
2020-02-13,0.11649853649501879,low
2020-02-14,0.11029619447923006,low
2020-02-17,0.11089124537417015,low
2020-02-18,0.10560522706370276,low
2020-02-19,0.10155222051875787,low
2020-02-20,0.10370217095032495,low
2020-02-21,0.10119698145223398,low
2020-02-24,0.09900697075955918,low
2020-02-25,0.15972807688403137,high
2020-02-26,0.17670606689011847,high
2020-02-27,0.20457504797267784,high
2020-02-28,0.19485894385935862,high
2020-03-02,0.26554568250167,high
2020-03-03,0.24291707014612787,high
2020-03-04,0.24901963613027422,high
2020-03-05,0.28555063485679166,high
2020-03-06,0.2725144166180771,high
2020-03-09,0.29584822091105695,high
2020-03-10,0.5145988753406627,high
2020-03-11,0.49595969179169164,high
2020-03-12,0.4937460182984041,high
2020-03-13,0.614709881607403,high
2020-03-16,0.6092209552843192,high
2020-03-17,0.7185931023965227,high
2020-03-18,0.6761699240053475,high
2020-03-19,0.7130531146313613,high
2020-03-20,0.6758202255937277,high
2020-03-23,0.6070052326112887,high
2020-03-24,0.6252022163779185,high
2020-03-25,0.6018248769055763,high
2020-03-26,0.6202734497617819,high
2020-03-27,0.5800781785433633,high
2020-03-30,0.5916232374526326,high
2020-03-31,0.6423630321865701,high
2020-04-01,0.5835313040337615,high
2020-04-02,0.5361274204301524,high
2020-04-03,0.4865944550224269,high
2020-04-06,0.4574135959699735,high
2020-04-07,0.5032202787719513,high
2020-04-08,0.4549358670124011,high
2020-04-09,0.4123827065075875,high
2020-04-14,0.42591590763052606,high
2020-04-15,0.3988955249260428,high
2020-04-16,0.35963758211587965,high
2020-04-17,0.3284883917611065,high
2020-04-20,0.306158090865865,high
2020-04-21,0.3119507013570146,high
2020-04-22,0.3169171542681266,high
2020-04-23,0.28618852779095805,high
2020-04-24,0.258971861301262,high
2020-04-27,0.23630520110068085,high
2020-04-28,0.2269311280774566,high
2020-04-29,0.20666481490251007,high
2020-04-30,0.20685692437933884,high
2020-05-01,0.23473703779455393,high
2020-05-04,0.3283278540055317,high
2020-05-05,0.3001063297188451,high
2020-05-06,0.2878707282134739,high
2020-05-07,0.26149785915266244,high
2020-05-08,0.23789697063184112,high
2020-05-11,0.21925342155968375,high
2020-05-12,0.21351160681539536,high
2020-05-13,0.20335206029073596,high
2020-05-14,0.1862828774945321,high
2020-05-15,0.19729142359954108,high
2020-05-18,0.19842132148566285,high
2020-05-19,0.19200860762398178,high
2020-05-20,0.20797078763828006,high
2020-05-21,0.18999792885577893,high
2020-05-22,0.1748016331917291,high
2020-05-25,0.1699276461399246,high
2020-05-26,0.2007920119318715,high
2020-05-27,0.2517334043288323,high
2020-05-28,0.2283062144455736,high
2020-05-29,0.22297389891297142,high
2020-06-01,0.22572950754841914,high
2020-06-02,0.21540668118761713,high
2020-06-03,0.19719515398596824,high
2020-06-04,0.21141895099816713,high
2020-06-05,0.19713001753208187,high
2020-06-09,0.1807707241515358,high
2020-06-10,0.22009443071782112,high
2020-06-11,0.2003588849828914,high
2020-06-12,0.2588704270249184,high
2020-06-15,0.25810782051480463,high
2020-06-16,0.26994171932585453,high
2020-06-17,0.3424273406860584,high
2020-06-18,0.31181961838564987,high
2020-06-19,0.28656646660787094,high
2020-06-22,0.2594188083064753,high
2020-06-23,0.23511006917872024,high
2020-06-24,0.21370113983593822,high
2020-06-25,0.19503814694645205,high
2020-06-26,0.22722720685616019,high
2020-06-29,0.222731418190894,high
2020-06-30,0.22242662157582455,high
2020-07-01,0.22276771894241637,high
2020-07-02,0.2029795298868685,high
2020-07-03,0.21543448087386916,high
2020-07-06,0.1968773425648388,high
2020-07-07,0.18367267510572247,high
2020-07-08,0.16835540291493264,high
2020-07-09,0.1817188958365748,high
2020-07-10,0.17239202464505685,high
2020-07-13,0.16422673130093735,high
2020-07-14,0.16444152974472423,high
2020-07-15,0.1572915348516012,high
2020-07-16,0.18402630964495348,high
2020-07-17,0.17470192266602647,high
2020-07-20,0.16248046644605793,high
2020-07-21,0.15280141905191322,high
2020-07-22,0.2100876424532112,high
2020-07-23,0.2074161512143268,high
2020-07-24,0.18996781557277878,high
2020-07-27,0.18500328854589934,high
2020-07-28,0.17093817054071786,high
2020-07-29,0.1588499318863678,high
2020-07-30,0.1520979723321791,high
2020-07-31,0.14186632431780635,medium
2020-08-03,0.17438920163307844,high
2020-08-04,0.16029053009194724,high
2020-08-05,0.18379298543910336,high
2020-08-06,0.17197340837126285,high
2020-08-07,0.16487464732575366,high
2020-08-10,0.15513924291320164,high
2020-08-11,0.173734103530265,high
2020-08-12,0.1613420355363952,high
2020-08-13,0.14900589799928773,medium
2020-08-14,0.1387629137289625,medium
2020-08-17,0.12981291400405334,medium
2020-08-18,0.12912681310297128,medium
2020-08-19,0.12922023334458416,medium
2020-08-20,0.1317706997310291,medium
2020-08-21,0.13245511121611117,medium
2020-08-24,0.1239829338621495,medium
2020-08-25,0.12067239949299911,medium
2020-08-26,0.11677914752620128,medium
2020-08-27,0.11648021260496612,low
2020-08-28,0.11075970956866323,low
2020-08-31,0.11511941386193203,low
2020-09-01,0.109086919858876,low
2020-09-02,0.14561224417228832,medium
2020-09-03,0.17837111292336053,high
2020-09-04,0.17224480083142552,high
2020-09-07,0.2433062763717555,high
2020-09-08,0.22153963420917772,high
2020-09-09,0.21018879548815567,high
2020-09-10,0.22607219206857077,high
2020-09-11,0.20903431623333113,high
2020-09-14,0.1972820868528862,high
2020-09-15,0.18339285606747258,high
2020-09-16,0.16809554088213202,high
2020-09-17,0.1682847269793421,high
2020-09-18,0.17005377423917914,high
2020-09-21,0.15709130991757336,high
2020-09-22,0.15055659650283515,medium
2020-09-23,0.14609871632696939,medium
2020-09-24,0.19398006458409883,high
2020-09-25,0.18344048502324503,high
2020-09-28,0.18790572959115387,high
2020-09-29,0.17213602360935976,high
2020-09-30,0.15853341834866985,high
2020-10-01,0.1923930763659151,high
2020-10-02,0.17732602894085245,high
2020-10-05,0.18563440739452725,high
2020-10-06,0.22310196722660586,high
2020-10-07,0.2036937548512567,high
2020-10-08,0.20312932618806234,high
2020-10-09,0.1975619221802687,high
2020-10-12,0.18076066398198065,high
2020-10-13,0.16700648454416284,high
2020-10-14,0.16747790477451727,high
2020-10-15,0.15518238166783707,high
2020-10-16,0.14704584320271005,medium
2020-10-19,0.14031057249154724,medium
2020-10-20,0.14060966459593693,medium
2020-10-21,0.13933857283564563,medium
2020-10-22,0.1301646369927369,medium
2020-10-23,0.12350610371282329,medium
2020-10-26,0.11685073329263308,medium
2020-10-27,0.11391931495115308,low
2020-10-28,0.14661350646646684,medium
2020-10-29,0.13606706488058362,medium
2020-10-30,0.15827967166863868,high
2020-11-02,0.1506677539096887,medium
2020-11-03,0.1420386828712837,medium
2020-11-04,0.17636756063474798,high
2020-11-05,0.16248877111763,high
2020-11-06,0.17009077685082966,high
2020-11-09,0.16477595383044202,high
2020-11-10,0.19028369284643926,high
2020-11-11,0.1782883572903491,high
2020-11-12,0.19409053045744384,high
2020-11-13,0.1794238708293914,high
2020-11-16,0.1649897779828436,high
2020-11-17,0.17301191962476142,high
2020-11-18,0.15925489636989124,high
2020-11-19,0.14987211935449174,medium
2020-11-20,0.13915591560330481,medium
2020-11-23,0.1296589927678246,medium
2020-11-24,0.12406964009165582,medium
2020-11-25,0.1422087631815248,medium
2020-11-26,0.13498156101276904,medium
2020-11-27,0.1343865089024464,medium
2020-11-30,0.12855866698055968,medium
2020-12-01,0.13907486043054176,medium
2020-12-02,0.1446861988852467,medium
2020-12-03,0.13441590661432035,medium
2020-12-04,0.12737150886186752,medium
2020-12-07,0.12093853040901127,medium
2020-12-08,0.11842340541422954,medium
2020-12-09,0.11286074529528402,low
2020-12-10,0.11397566524433927,low
2020-12-11,0.11626019461827232,low
2020-12-14,0.11669502234702754,medium
2020-12-15,0.11194702247747809,low
2020-12-16,0.10940751096724896,low
2020-12-17,0.11376306933431558,low
2020-12-18,0.12597520425524658,medium
2020-12-21,0.13884676137619859,medium
2020-12-22,0.12945515820409784,medium
2020-12-23,0.13539273066346985,medium
2020-12-24,0.13393480038197203,medium
2020-12-29,0.1265934112386779,medium
2020-12-30,0.12399520785271963,medium
2020-12-31,0.11738640708165254,medium
2021-01-04,0.1345967093467135,medium
2021-01-05,0.1358066101208427,medium
2021-01-06,0.1267614101321708,medium
2021-01-07,0.1346463210004139,medium
2021-01-08,0.15641687897558293,high
2021-01-11,0.1479990873655813,medium
2021-01-12,0.14485224166302282,medium
2021-01-13,0.13579022382570838,medium
2021-01-14,0.12680082676323157,medium
2021-01-15,0.12321179778786816,medium
2021-01-18,0.1159741583959839,low
2021-01-19,0.12066115463080108,medium
2021-01-20,0.13966950783023135,medium
2021-01-21,0.1317592292942915,medium
2021-01-22,0.13185667721662,medium
2021-01-25,0.12571482307237067,medium
2021-01-27,0.12101803456900839,medium
2021-01-28,0.12166738028260844,medium
2021-01-29,0.1634886911089,high
2021-02-01,0.15422596607153768,high
2021-02-02,0.15073024945880947,medium
2021-02-03,0.16582040959262445,high
2021-02-04,0.16172928517551816,high
2021-02-05,0.15709333555777732,high
2021-02-08,0.16050610832252687,high
2021-02-09,0.1513466771891126,high
2021-02-10,0.14911558879619,medium
2021-02-11,0.14339672076509052,medium
2021-02-12,0.13374026729932387,medium
2021-02-15,0.13021549241807273,medium
2021-02-16,0.13488755832288912,medium
2021-02-17,0.13484939703576987,medium
2021-02-18,0.12816738920714874,medium
2021-02-19,0.12020660475735354,medium
2021-02-22,0.1346848708300284,medium
2021-02-23,0.12706670947941903,medium
2021-02-24,0.13311737626044745,medium
2021-02-25,0.1332123551128212,medium
2021-02-26,0.13552012664660013,medium
2021-03-01,0.19474024081168848,high
2021-03-02,0.21630730778015325,high
2021-03-03,0.19841413389540521,high
2021-03-04,0.18615574493027418,high
2021-03-05,0.1738311965380521,high
2021-03-08,0.16616195034403933,high
2021-03-09,0.15729611522239575,high
2021-03-10,0.14701593135213173,medium
2021-03-11,0.145957973418861,medium
2021-03-12,0.1355860885578726,medium
2021-03-15,0.13540007623851766,medium
2021-03-16,0.1268197156084808,medium
2021-03-17,0.13010387971476733,medium
2021-03-18,0.12753879456890574,medium
2021-03-19,0.12451577937765695,medium
2021-03-22,0.11878127742915588,medium
2021-03-23,0.11494351656239735,low
2021-03-24,0.10980433491967372,low
2021-03-25,0.10955730740424179,low
2021-03-26,0.10448864448664995,low
2021-03-29,0.11089496102728767,low
2021-03-30,0.1071165567001226,low
2021-03-31,0.11308414182611788,low
2021-04-01,0.12246541422854597,medium
2021-04-06,0.11544928181863781,low
2021-04-07,0.10940908656346088,low
2021-04-08,0.11133587524730287,low
2021-04-09,0.12133443104700731,medium
2021-04-12,0.11435692419041227,low
2021-04-13,0.10963185852241907,low
2021-04-14,0.1048678952784855,low
2021-04-15,0.11317184141516208,low
2021-04-16,0.1112411752110845,low
2021-04-19,0.10584939294528356,low
2021-04-20,0.10131434893395629,low
2021-04-21,0.10537564253344603,low
2021-04-22,0.10312943944874062,low
2021-04-23,0.11115894765310232,low
2021-04-26,0.10578011777337536,low
2021-04-27,0.10169678439494138,low
2021-04-28,0.09823227980101612,low
2021-04-29,0.10230921672320213,low
2021-04-30,0.09835178752113359,low
2021-05-03,0.10524333448265676,low
2021-05-04,0.10078673884380596,low
2021-05-05,0.1028799016587069,low
2021-05-06,0.10091358271387685,low
2021-05-07,0.10163267141302314,low
2021-05-10,0.09903690718609083,low
2021-05-11,0.12676817290419273,medium
2021-05-12,0.13530583621643255,medium
2021-05-13,0.13349017874097957,medium
2021-05-14,0.13373194266319066,medium
2021-05-17,0.1290865240114912,medium
2021-05-18,0.12179359131379451,medium
2021-05-19,0.12071295496838685,medium
2021-05-20,0.16665932011606394,high
2021-05-21,0.17504547926045014,high
2021-05-24,0.16124278319301144,high
2021-05-25,0.1489723107035805,medium
2021-05-26,0.15033568974374534,medium
2021-05-27,0.14034244110654265,medium
2021-05-28,0.13075703006347383,medium
2021-05-31,0.13948504171408713,medium
2021-06-01,0.1302335589875907,medium
2021-06-02,0.12305604519881759,medium
2021-06-03,0.1306739938438498,medium
2021-06-04,0.1278424892212867,medium
2021-06-07,0.12240685726529331,medium
2021-06-08,0.11548645773237366,low
2021-06-09,0.10981419623186801,low
2021-06-10,0.10636400007875434,low
2021-06-11,0.10461508696866213,low
2021-06-15,0.10096796427425621,low
2021-06-16,0.11475061229069475,low
2021-06-17,0.1089139664406342,low
2021-06-18,0.10514585205878518,low
2021-06-21,0.10067734566877475,low
2021-06-22,0.1408261188840578,medium
2021-06-23,0.1562596485820053,high
2021-06-24,0.14865837540249524,medium
2021-06-25,0.13927330893106588,medium
2021-06-28,0.13338598823147213,medium
2021-06-29,0.12466995146647397,medium
2021-06-30,0.11722739793784528,medium
2021-07-01,0.1110492937502773,low
2021-07-02,0.12462128585693383,medium
2021-07-05,0.12139748464982597,medium
2021-07-06,0.11455608911722787,low
2021-07-07,0.11888649793625414,medium
2021-07-08,0.12691076137191593,medium
2021-07-09,0.11950490725802798,medium
2021-07-12,0.12796658130504213,medium
2021-07-13,0.1318323001394406,medium
2021-07-14,0.12341191676148741,medium
2021-07-15,0.1180545234811158,medium
2021-07-16,0.11477564732915367,low
2021-07-19,0.11110006547823886,low
2021-07-20,0.11807427507525076,medium
2021-07-21,0.11470085306981342,low
2021-07-22,0.11890999319476103,medium
2021-07-23,0.1267342500990616,medium
2021-07-26,0.11929932037138168,medium
2021-07-27,0.11262503453965911,low
2021-07-28,0.11075753320492257,low
2021-07-29,0.11439295962770919,low
2021-07-30,0.1138375485424833,low
2021-08-02,0.10934991465654313,low
2021-08-03,0.13124877455259826,medium
2021-08-04,0.123835027378948,medium
2021-08-05,0.11961192441011725,medium
2021-08-06,0.11306407042317088,low
2021-08-09,0.10876836631041144,low
2021-08-10,0.10372941991979204,low
2021-08-11,0.10112682769906191,low
2021-08-12,0.0990945092679135,low
2021-08-13,0.0960116435868681,low
2021-08-16,0.10071947983605786,low
2021-08-17,0.10425456245307317,low
2021-08-18,0.11216881103271843,low
2021-08-19,0.1065872168142869,low
2021-08-20,0.10605422238901703,low
2021-08-23,0.10143312165420909,low
2021-08-24,0.10002521448901647,low
2021-08-25,0.09786905200901587,low
2021-08-26,0.09870248867314617,low
2021-08-27,0.10025349084523912,low
2021-08-30,0.09658229336853791,low
2021-08-31,0.09453884858731411,low
2021-09-01,0.09604653338846934,low
2021-09-02,0.09318728770273753,low
2021-09-03,0.09093612817418906,low
2021-09-06,0.09570375327008802,low
2021-09-07,0.09339720520848904,low
2021-09-08,0.09103047827952654,low
2021-09-09,0.0900758273794751,low
2021-09-10,0.13827070087632495,medium
2021-09-13,0.1313082926607099,medium
2021-09-14,0.12422143935706693,medium
2021-09-15,0.11719298564528315,medium
2021-09-16,0.11220671731731056,low
2021-09-17,0.11435542179898611,low
2021-09-20,0.12350637440021264,medium
2021-09-21,0.16754635318855113,high
2021-09-22,0.1557805439005208,high
2021-09-23,0.14563935010771345,medium
2021-09-24,0.1502930326875667,medium
2021-09-27,0.14129269853932508,medium
2021-09-28,0.13615704710134727,medium
2021-09-29,0.156012983429874,high
2021-09-30,0.15770975157905007,high
2021-10-01,0.18158813997489823,high
2021-10-04,0.2634070791511964,high
2021-10-05,0.2500858290461622,high
2021-10-06,0.2282501893557147,high
2021-10-07,0.21072276734535308,high
2021-10-08,0.19661192352784274,high
2021-10-11,0.18552148801770363,high
2021-10-12,0.17010626463832756,high
2021-10-13,0.15859809099832023,high
2021-10-14,0.14660016032769752,medium
2021-10-15,0.14150076214299223,medium
2021-10-18,0.1375688782701501,medium
2021-10-19,0.12941762889300037,medium
2021-10-20,0.12146239395632995,medium
2021-10-21,0.12219937690294774,medium
2021-10-22,0.11530296856802559,low
2021-10-25,0.10934931999752838,low
2021-10-26,0.10654816155352172,low
2021-10-27,0.10212873062933782,low
2021-10-28,0.09817713921034439,low
2021-10-29,0.09672908323885232,low
2021-11-01,0.1334691180721349,medium
2021-11-02,0.13674465196499366,medium
2021-11-03,0.13354700261457597,medium
2021-11-04,0.1364835191900674,medium
2021-11-05,0.13064982915584156,medium
2021-11-08,0.1261931161886646,medium
2021-11-09,0.11856069441579807,medium
2021-11-10,0.11284941934144924,low
2021-11-11,0.10769114404677796,low
2021-11-12,0.10833038233692047,low
2021-11-15,0.11519162073669044,low
2021-11-16,0.11342865688640755,low
2021-11-17,0.11533729933033222,low
2021-11-18,0.11628596365986445,low
2021-11-19,0.1106583442768446,low
2021-11-22,0.10599348969774383,low
2021-11-23,0.10497707186837871,low
2021-11-24,0.11415992915831782,low
2021-11-25,0.11241769007529015,low
2021-11-26,0.10739811034999587,low
2021-11-29,0.14590455928073653,medium
2021-11-30,0.13984281134406407,medium
2021-12-01,0.133162829309272,medium
2021-12-02,0.1273820103527258,medium
2021-12-03,0.12028807466995933,medium
2021-12-06,0.11406395844819713,low
2021-12-07,0.10861760875617209,low
2021-12-08,0.11154771023486998,low
2021-12-09,0.1326299890781248,medium
2021-12-10,0.1253693888757342,medium
2021-12-13,0.12024911753028021,medium
2021-12-14,0.11818914253050784,medium
2021-12-15,0.1117447477898273,low
2021-12-16,0.11887395881035318,medium
2021-12-17,0.11379020490486048,low
2021-12-20,0.10887337123663603,low
2021-12-21,0.10467120179941138,low
2021-12-22,0.11071077511832439,low
2021-12-23,0.10547266531274944,low
2021-12-24,0.10311150413010897,low
2021-12-29,0.10337064153502924,low
2021-12-30,0.12222244655404473,medium
2021-12-31,0.1153552681933811,low
2022-01-04,0.12257377777500728,medium
2022-01-05,0.14005163523021222,medium
2022-01-06,0.1328652270537446,medium
2022-01-07,0.20091074260217628,high
2022-01-10,0.19677408307531183,high
2022-01-11,0.17994070485836036,high
2022-01-12,0.17077215602892615,high
2022-01-13,0.16053373828125575,high
2022-01-14,0.1520593764995434,high
2022-01-17,0.1548232763130739,high
2022-01-18,0.14437014384089916,medium
2022-01-19,0.13442137063330287,medium
2022-01-20,0.13751478991840424,medium
2022-01-21,0.1284457043934506,medium
2022-01-24,0.17943701966855982,high
2022-01-25,0.16855151438817687,high
2022-01-27,0.2162865572709825,high
2022-01-28,0.22620930597364228,high
2022-01-31,0.24629054605386,high
2022-02-01,0.22412635650140122,high
2022-02-02,0.20617516194628135,high
2022-02-03,0.20267776369025567,high
2022-02-04,0.18528635273065358,high
2022-02-07,0.1738108495574668,high
2022-02-08,0.16002221441203787,high
2022-02-09,0.160334987642499,high
2022-02-10,0.16216589984244886,high
2022-02-11,0.15074237600633383,medium
2022-02-14,0.152083046717215,high
2022-02-15,0.14160316367155465,medium
2022-02-16,0.13393255412343377,medium
2022-02-17,0.1457408820397915,medium
2022-02-18,0.13565829024039472,medium
2022-02-21,0.13961031828436837,medium
2022-02-22,0.13025410655160438,medium
2022-02-23,0.13563518809922476,medium
2022-02-24,0.13149275599727195,medium
2022-02-25,0.18839862364273635,high
2022-02-28,0.17342665502704221,high
2022-03-01,0.16554793378593843,high
2022-03-02,0.15696405941080807,high
2022-03-03,0.14765668140336283,medium
2022-03-04,0.14864627674047948,medium
2022-03-07,0.1507636618603729,medium
2022-03-08,0.1535005300296044,high
2022-03-09,0.1492315446412298,medium
2022-03-10,0.15307295560218626,high
2022-03-11,0.1604884056996195,high
2022-03-14,0.1593502471625834,high
2022-03-15,0.16463273384710425,high
2022-03-16,0.15751424052666596,high
2022-03-17,0.1593708760401917,high
2022-03-18,0.16162491746180227,high
2022-03-21,0.14988389744323585,medium
2022-03-22,0.13898990698712835,medium
2022-03-23,0.14045485913440006,medium
2022-03-24,0.1345405086598622,medium
2022-03-25,0.125846831031135,medium
2022-03-28,0.11961012934339976,medium
2022-03-29,0.11293124198801897,low
2022-03-30,0.11496213299905697,low
2022-03-31,0.11668822377783186,medium
2022-04-01,0.1111699477793459,low
2022-04-04,0.16789019385064935,high
2022-04-05,0.15587505068201746,high
2022-04-06,0.14476150172558225,medium
2022-04-07,0.13826270434296206,medium
2022-04-08,0.134915402507928,medium
2022-04-11,0.12893671690280814,medium
2022-04-12,0.12108829228884754,medium
2022-04-13,0.11782407618941146,medium
2022-04-14,0.11322636901282038,low
2022-04-19,0.11492312039887276,low
2022-04-20,0.11431760784269324,low
2022-04-21,0.10861684428988222,low
2022-04-22,0.10528092695429629,low
2022-04-26,0.14202558425917075,medium
2022-04-27,0.17989265726949966,high
2022-04-28,0.172432721465859,high
2022-04-29,0.17661270023880474,high
2022-05-02,0.1738541703988867,high
2022-05-03,0.1742987671079079,high
2022-05-04,0.1626503173419617,high
2022-05-05,0.15015157343587415,medium
2022-05-06,0.14619598571898673,medium
2022-05-09,0.1869350759513917,high
2022-05-10,0.183961720638497,high
2022-05-11,0.18132734710444576,high
2022-05-12,0.16891714725112547,high
2022-05-13,0.19169257212763113,high
2022-05-16,0.21160038268909737,high
2022-05-17,0.193597051048069,high
2022-05-18,0.1781009722939225,high
2022-05-19,0.17414525766323594,high
2022-05-20,0.18254665101145282,high
2022-05-23,0.18078605682863558,high
2022-05-24,0.16582358632431357,high
2022-05-25,0.15371488112679502,high
2022-05-26,0.14360892275708342,medium
2022-05-27,0.1402505505981117,medium
2022-05-30,0.14726200741434575,medium
2022-05-31,0.16205199665806916,high
2022-06-01,0.163014607536513,high
2022-06-02,0.15119552727963528,medium
2022-06-03,0.14954558845720758,medium
2022-06-06,0.14933695208350659,medium
2022-06-07,0.14053243313667707,medium
2022-06-08,0.15965317323373107,high
2022-06-09,0.14882407987962837,medium
2022-06-10,0.1629136212165235,high
2022-06-14,0.16851858819588014,high
2022-06-15,0.2667605909309831,high
2022-06-16,0.25459248935364015,high
2022-06-17,0.23112246883713355,high
2022-06-20,0.23308459053952088,high
2022-06-21,0.2142606362292648,high
2022-06-22,0.2102771261173235,high
2022-06-23,0.1922014897144392,high
2022-06-24,0.17683554041659091,high
2022-06-27,0.1685023606807529,high
2022-06-28,0.19598826185829854,high
2022-06-29,0.18644336736837686,high
2022-06-30,0.17712255774421745,high
2022-07-01,0.19771512315919385,high
2022-07-04,0.25926986145527753,high
2022-07-05,0.24432433516099228,high
2022-07-06,0.22187211230267484,high
2022-07-07,0.20384128592110795,high
2022-07-08,0.19327986013187798,high
2022-07-11,0.17871350014162984,high
2022-07-12,0.17689251117948535,high
2022-07-13,0.16243280130029714,high
2022-07-14,0.15037810236356702,medium
2022-07-15,0.14319965965142223,medium
2022-07-18,0.13993419657438516,medium
2022-07-19,0.15004313463073551,medium
2022-07-20,0.14300587608251836,medium
2022-07-21,0.16873461405485216,high
2022-07-22,0.15805860530237573,high
2022-07-25,0.1460034770172815,medium
2022-07-26,0.13554488141076607,medium
2022-07-27,0.1272484098107144,medium
2022-07-28,0.12095177199337324,medium
2022-07-29,0.12653699642338992,medium
2022-08-01,0.13005990510683071,medium
2022-08-02,0.12884410705126734,medium
2022-08-03,0.12078635560094604,medium
2022-08-04,0.1155377282079232,low
2022-08-05,0.10945022372345509,low
2022-08-08,0.11110483674870444,low
2022-08-09,0.10576317758147928,low
2022-08-10,0.10130280098256392,low
2022-08-11,0.10168871022479237,low
2022-08-12,0.11914290179225566,medium
2022-08-15,0.11563640145774984,low
2022-08-16,0.1134618258329019,low
2022-08-17,0.1128069182900363,low
2022-08-18,0.1112524067948715,low
2022-08-19,0.10716085745077046,low
2022-08-22,0.10239673103964377,low
2022-08-23,0.11311530759703142,low
2022-08-24,0.12976768806841074,medium
2022-08-25,0.12723387733757702,medium
2022-08-26,0.1270900088708127,medium
2022-08-29,0.12758450994310475,medium
2022-08-30,0.16847612883526455,high
2022-08-31,0.15804447684940995,high
2022-09-01,0.14600161601731623,medium
2022-09-02,0.15858454206209424,high
2022-09-05,0.1469294686674269,medium
2022-09-06,0.13879615051016275,medium
2022-09-07,0.13069010614668464,medium
2022-09-08,0.1477564254865687,medium
2022-09-09,0.18095636568939477,high
2022-09-12,0.17116530262489207,high
2022-09-13,0.16881432640863187,high
2022-09-14,0.16071819609027366,high
2022-09-15,0.21781087997957738,high
2022-09-16,0.19930655834903885,high
2022-09-19,0.20403923486469938,high
2022-09-20,0.18647847719717775,high
2022-09-21,0.1881004510823543,high
2022-09-23,0.19683280484003057,high
2022-09-26,0.2129241674422838,high
2022-09-27,0.21607424241192574,high
2022-09-28,0.1974766719723409,high
2022-09-29,0.18237787381779133,high
2022-09-30,0.18754337998595424,high
2022-10-03,0.19437262720218795,high
2022-10-04,0.20680476213491972,high
2022-10-05,0.2896493161154058,high
2022-10-06,0.2839461015207537,high
2022-10-07,0.256860928048821,high
2022-10-10,0.23727378689333897,high
2022-10-11,0.23185786163259586,high
2022-10-12,0.2118644383936383,high
2022-10-13,0.19310638738129374,high
2022-10-14,0.17690566141290007,high
2022-10-17,0.19609421286805784,high
2022-10-18,0.19988683031694485,high
2022-10-19,0.21177658412647568,high
2022-10-20,0.19366762701917462,high
2022-10-21,0.18748724773497497,high
2022-10-24,0.17799464402780305,high
2022-10-25,0.18633268322664825,high
2022-10-26,0.17193401698633964,high
2022-10-27,0.1582700195319083,high
2022-10-28,0.15014091939205326,medium
2022-10-31,0.14872059688285963,medium
2022-11-01,0.15410058388988565,high
2022-11-02,0.17246884045551625,high
2022-11-03,0.1590939734450798,high
2022-11-04,0.1851612599071943,high
2022-11-07,0.17188203859640855,high
2022-11-08,0.1647533089009633,high
2022-11-09,0.153259933474498,high
2022-11-10,0.14674542472427887,medium
2022-11-11,0.14019087098873192,medium
2022-11-14,0.21118307224038593,high
2022-11-15,0.19267314970834076,high
2022-11-16,0.17633514056311836,high
2022-11-17,0.1628787941462675,high
2022-11-18,0.15165717764524161,high
2022-11-21,0.14080036292534184,medium
2022-11-22,0.13154965672086683,medium
2022-11-23,0.1284307472778031,medium
2022-11-24,0.12580725255672012,medium
2022-11-25,0.11849187348971091,medium
2022-11-28,0.11281719217254767,low
2022-11-29,0.10994375704091582,low
2022-11-30,0.10625812747302868,low
2022-12-01,0.10523935566350082,low
2022-12-02,0.11688833637977253,medium
2022-12-05,0.11789276085886466,medium
2022-12-06,0.11331321256962584,low
2022-12-07,0.11124736628272494,low
2022-12-08,0.11871870622786615,medium
2022-12-09,0.12105333796180226,medium
2022-12-12,0.11901505707164307,medium
2022-12-13,0.11571128959542623,low
2022-12-14,0.11067244700972817,low
2022-12-15,0.11354345362203558,low
2022-12-16,0.11497235000348822,low
2022-12-19,0.1181802389076472,medium
2022-12-20,0.11233795641528212,low
2022-12-21,0.14120089523570672,medium
2022-12-22,0.15039537778486306,medium
2022-12-23,0.14267931167588419,medium
2022-12-28,0.13857647861036906,medium
2022-12-29,0.12977848334252476,medium
2022-12-30,0.13144218065833393,medium
2023-01-03,0.12429788485261427,medium
2023-01-04,0.174378388416907,high
2023-01-05,0.1869595977655121,high
2023-01-06,0.17145471822977346,high
2023-01-09,0.16217637814880034,high
2023-01-10,0.15393698228119448,high
2023-01-11,0.14351144806760904,medium
2023-01-12,0.14472558963578253,medium
2023-01-13,0.15183160865959802,high
2023-01-16,0.14718851642649436,medium
2023-01-17,0.1456392258504207,medium
2023-01-18,0.13538359384056692,medium
2023-01-19,0.12651986940847554,medium
2023-01-20,0.12421027377754378,medium
2023-01-23,0.11707218534128999,medium
2023-01-24,0.11105904985562805,low
2023-01-25,0.10916348804842936,low
2023-01-27,0.10552287377183983,low
2023-01-30,0.10219672655667131,low
2023-01-31,0.0984628721611944,low
2023-02-01,0.09512607116540461,low
2023-02-02,0.0937561928366541,low
2023-02-03,0.09171387035768443,low
2023-02-06,0.09738468254280058,low
2023-02-07,0.09568118568216712,low
2023-02-08,0.09871096281260017,low
2023-02-09,0.09846034568574513,low
2023-02-10,0.10026342406060051,low
2023-02-13,0.10797983200696784,low
2023-02-14,0.10388486510630197,low
2023-02-15,0.10010226888196039,low
2023-02-16,0.11283837478040867,low
2023-02-17,0.11680404197290291,medium
2023-02-20,0.12106345960152468,medium
2023-02-21,0.1141938860813615,low
2023-02-22,0.10887949585167325,low
2023-02-23,0.10449499305032012,low
2023-02-24,0.10173004189274029,low
2023-02-27,0.09912028786497835,low
2023-02-28,0.11547245400830361,low
2023-03-01,0.11249253794913693,low
2023-03-02,0.1069060616553858,low
2023-03-03,0.1025775003149453,low
2023-03-06,0.10142919848779335,low
2023-03-07,0.10495816352587439,low
2023-03-08,0.10583887970022153,low
2023-03-09,0.10755109932821835,low
2023-03-10,0.10712755764218873,low
2023-03-13,0.1728357265020724,high
2023-03-14,0.1620047703433853,high
2023-03-15,0.1746089198245321,high
2023-03-16,0.1698574083459553,high
2023-03-17,0.17583654537470675,high
2023-03-20,0.16299658575865086,high
2023-03-21,0.17158257699855328,high
2023-03-22,0.16604414958642133,high
2023-03-23,0.16132087536593145,high
2023-03-24,0.15481305437007373,high
2023-03-27,0.14365252160643321,medium
2023-03-28,0.1337653029571878,medium
2023-03-29,0.13817713071856547,medium
2023-03-30,0.12974772692346173,medium
2023-03-31,0.13535121464152752,medium
2023-04-03,0.1356974526209182,medium
2023-04-04,0.12665153227938739,medium
2023-04-05,0.1192642601442091,medium
2023-04-06,0.11259541785886278,low
2023-04-11,0.10786518062736648,low
2023-04-12,0.12878299871481674,medium
2023-04-13,0.12404923987475723,medium
2023-04-14,0.11869168644184871,medium
2023-04-17,0.11749310957052962,medium
2023-04-18,0.11240498842846204,low
2023-04-19,0.10858762869902881,low
2023-04-20,0.10373046215330264,low
2023-04-21,0.09950336871435903,low
2023-04-24,0.10063757359860374,low
2023-04-26,0.09698192650022024,low
2023-04-27,0.09391931061452499,low
2023-04-28,0.0944002950809823,low
2023-05-01,0.09360205295544295,low
2023-05-02,0.09351283779848034,low
2023-05-03,0.10948919773871636,low
2023-05-04,0.11944357019671836,medium
2023-05-05,0.11277820408201865,low
2023-05-08,0.10911919487894821,low
2023-05-09,0.11530175394466388,low
2023-05-10,0.10981733298579312,low
2023-05-11,0.1046044092124153,low
2023-05-12,0.10039592544400748,low
2023-05-15,0.09675655920176698,low
2023-05-16,0.09514827125362729,low
2023-05-17,0.09574308644064418,low
2023-05-18,0.0991268803915322,low
