time,exact,euler,milstein
0.0,100.0,100.0,100.0
0.003968253968253968,100.39659656780533,100.40374870472891,100.39654912138522
0.007936507936507936,99.10152080859513,99.10812312300838,99.10166636797105
0.011904761904761904,100.05485958326668,100.06483455471052,100.05487976591169
0.015873015873015872,101.2596166357416,101.27045713599935,101.25946652435634
0.01984126984126984,98.8126858020097,98.8012484234791,98.81308043700263
0.023809523809523808,97.21637100228085,97.1999264976442,97.21702241362523
0.027777777777777776,97.38467024111885,97.37576606214465,97.38530336675166
0.031746031746031744,97.00898217904879,97.00711412324695,97.00965930024248
0.03571428571428571,96.99999693750556,97.0058276159029,97.00067575315059
0.03968253968253968,95.97451152485083,95.98251987392362,95.97532594181321
0.04365079365079365,97.0553148307056,97.06499017068424,97.05598862355411
0.047619047619047616,98.02272865924449,98.03541391076212,98.02327943507622
0.051587301587301584,98.11598831793553,98.13642188507963,98.11652920121209
0.05555555555555555,99.53121215733664,99.54961746848372,99.53154605935075
0.05952380952380952,100.13110694019574,100.15572300198117,100.1313687531777
0.06349206349206349,99.0647202935407,99.0913025585421,99.0651280895122
0.06746031746031746,99.53787725842298,99.57132420288167,99.53822972146831
0.07142857142857142,98.35432407678782,98.38818063523941,98.35484310725242
0.07539682539682539,99.46073977807549,99.49660674666833,99.46111135145203
0.07936507936507936,99.4100317361577,99.45376403950299,99.41040986532492
0.08333333333333333,99.19057822678663,99.24186445228686,99.1909825587848
0.0873015873015873,98.35497950112251,98.41016868389315,98.35549101597309
0.09126984126984126,99.89351760186803,99.94546432730677,99.89379453436536
0.09523809523809523,99.71109491974076,99.77071210393564,99.71139389290174
0.0992063492063492,99.18626808262945,99.25210288276566,99.18663127266014
0.10317460317460317,98.75896258465161,98.83146720745326,98.7593772215937
0.10714285714285714,99.43534888134548,99.51388643684038,99.43568156694376
0.1111111111111111,99.90611380704908,99.99180935377447,99.90639111264439
0.11507936507936507,100.43892916624061,100.5316006210531,100.43914288763459
0.11904761904761904,100.99760006938858,101.09721625191418,100.99774650610804
0.12301587301587301,103.7721910678163,103.84510291371173,103.77167904205093
0.12698412698412698,103.25449084402022,103.3339840444692,103.25404605381478
0.13095238095238093,102.60248180740498,102.68760526989188,102.60212279087234
0.1349206349206349,101.56800727590834,101.65516765844566,101.56779413204409
0.1388888888888889,102.37148995382218,102.46424357346538,102.37117226922585
0.14285714285714285,103.85036001108766,103.94199586834763,103.84981314436652
0.1468253968253968,103.7137252214613,103.81339983641789,103.71319612629928
0.15079365079365079,102.63392514368869,102.73513531804588,102.63355127714544
0.15476190476190477,101.58542734198333,101.68835939708877,101.58520195776632
0.15873015873015872,102.43370813835672,102.54204449941635,102.43337126932883
0.16269841269841268,103.40972495758798,103.52260639603409,103.40925536837636
0.16666666666666666,104.13219082479986,104.25156220145745,104.13162715288787
0.17063492063492064,103.27502455749232,103.39813582209213,103.2745785090826
0.1746031746031746,103.58987324287408,103.72108650265092,103.58938865577942
0.17857142857142855,103.75462402754142,103.89414676498005,103.75411973697179
0.18253968253968253,104.05327129786615,104.20101163773509,104.05273037805223
0.1865079365079365,105.21448808536925,105.36570628774844,105.21378062177718
0.19047619047619047,105.52386089961406,105.68343149893353,105.5231148813821
0.19444444444444442,106.44300222730892,106.60836439459699,106.4421300149194
0.1984126984126984,106.54635145491262,106.72028494127562,106.54546683630048
0.20238095238095238,106.94789198544443,107.13019485967824,106.94695612972916
0.20634920634920634,107.81472629717321,108.00350914715446,107.81367144072398
0.2103174603174603,105.86607655919319,106.04216271882423,105.8653841706506
0.21428571428571427,105.45311383259079,105.63612027236587,105.45247520555512
0.21825396825396826,104.84251265019097,105.03106554986539,104.8419548064429
0.2222222222222222,104.01439343739423,104.20649904484709,104.013948415973
0.22619047619047616,103.6667957915299,103.86594659606347,103.66639509383573
0.23015873015873015,105.65038697631796,105.8428170682019,105.64962723579426
0.23412698412698413,104.51661017079672,104.70923689731465,104.51601709047996
0.23809523809523808,105.81202978119258,106.00737733683772,105.8112441630081
0.24206349206349204,103.60453442027026,103.7808245125908,103.6041959160902
0.24603174603174602,103.18061437781483,103.36354858256021,103.1803297518486
0.25,103.40471221635543,103.59600375394885,103.40440087834648
0.25396825396825395,104.18365846799635,104.38168826236819,104.18324583538777
0.2579365079365079,105.13391818158847,105.33772279080041,105.13337688377658
0.26190476190476186,106.20266812069518,106.41149849533411,106.20197730031236
0.26587301587301587,105.74967627789336,105.9650905283245,105.74904458016671
0.2698412698412698,105.14798294106818,105.36885968265253,105.14743069092451
0.2738095238095238,106.30339757398038,106.52874879016453,106.30268026602603
0.2777777777777778,106.06011824937764,106.29312901000722,106.05943254407383
0.28174603174603174,104.38155642982481,104.60586118875639,104.3811552370102
0.2857142857142857,102.91402882455259,103.13304579803821,102.91385916460496
0.28968253968253965,101.74086137087085,101.95881447444187,101.74086061381777
0.2936507936507936,102.39231797257348,102.61767736211489,102.3922362083201
0.2976190476190476,102.5884274223409,102.82217472207299,102.5883227834287
0.30158730158730157,103.49708816158926,103.73705666203976,103.4968638745183
0.3055555555555555,102.9537284401958,103.19923555589965,102.95357343248891
0.30952380952380953,103.171856634468,103.425843023304,103.17167592499837
0.3134920634920635,104.00061936579968,104.26153529633558,104.00033084382565
0.31746031746031744,103.6084097911405,103.87587319475723,103.60817080803446
0.3214285714285714,104.21878348079301,104.49427117350926,104.21846786908417
0.32539682539682535,103.3655713995594,103.64357596756155,103.36537072991254
0.32936507936507936,102.90610191360268,103.19006942322082,102.90595921053016
0.3333333333333333,102.42456155250834,102.71425663886268,102.4244794748146
0.33730158730158727,100.90499463657859,101.18712667954509,100.90515355255943
0.3412698412698413,101.53806483472928,101.82801449779605,101.53814621177355
0.34523809523809523,100.95136691626362,101.2460163886382,100.95152187859131
0.3492063492063492,100.97927966003242,101.28204213076587,100.97943205771911
0.35317460317460314,101.60484592498938,101.91558675490687,101.60492176923171
0.3571428571428571,102.19022646708657,102.50916114263127,102.19023076480164
0.3611111111111111,103.0627631663468,103.38884116156298,103.06265430273822
0.36507936507936506,102.94721703663365,103.28106989729491,102.9471228128269
0.369047619047619,102.41184616252752,102.75075829402374,102.4118194880136
0.373015873015873,102.32122031563514,102.6679471060018,102.32120519583906
0.376984126984127,100.18091641884995,100.50575983478984,100.181320091357
0.38095238095238093,98.3826886074777,98.69329014592103,98.38340053592529
0.3849206349206349,96.76829974573684,97.06820287419369,96.76926843591738
0.38888888888888884,95.57147312435946,95.86788501019312,95.57260487932227
0.39285714285714285,96.06548618746598,96.36976245054419,96.06656362365504
0.3968253968253968,94.98710927168871,95.28950067377104,94.9883273691551
0.40079365079365076,94.54688393701463,94.85440999052966,94.54815117763842
0.40476190476190477,96.1186747547481,96.42587729174656,96.11970722841887
0.4087301587301587,95.6996046060997,96.01220146123337,95.70068459326112
0.4126984126984127,96.60447229960054,96.92337986117083,96.6054426337788
0.41666666666666663,95.4861879008057,95.80255164985863,95.48730693539854
0.4206349206349206,95.25070212700602,95.57359722772992,95.25184738692198
0.4246031746031746,94.12863273471675,94.44862524994691,94.12992589182703
0.42857142857142855,93.73858641415356,94.06393575715941,93.73992253300345
0.4325396825396825,94.74753687227668,95.07844353380253,94.74874934106545
0.4365079365079365,92.71893413028296,93.02819298179668,92.72052467159092
0.44047619047619047,93.23889607213621,93.55581504391998,93.24043175533347
0.4444444444444444,93.52971648171656,93.85459487177785,93.531222577672
0.4484126984126984,92.84325776785924,93.17066018977287,92.84484171669627
0.45238095238095233,91.17795095864219,91.4917059052136,91.17979854567531
0.45634920634920634,91.27171128429255,91.59300177791907,91.27355024441803
0.4603174603174603,90.6756598808808,91.00015980958781,90.67756294267838
0.46428571428571425,90.95268760736025,91.2849773348642,90.9545637666186
0.46825396825396826,90.98856267115077,91.32822120613734,90.99043594393746
0.4722222222222222,92.85446532486633,93.18939261938534,92.85603026825439
0.47619047619047616,92.5858968874236,92.92686088317883,92.5874903575536
0.4801587301587301,91.41056109707039,91.7470202304887,91.4123078899892
0.4841269841269841,91.62816734787982,91.97244939294322,91.62989286673104
0.4880952380952381,91.89342425324328,92.24561772039785,91.8951235143023
0.49206349206349204,93.49170118635743,93.84354857245542,93.4931631522421
0.496031746031746,94.49180728471251,94.84953503094194,94.49314830034183
0.5,94.92891379756986,95.29481237869471,94.93020821894837
0.503968253968254,96.70675612202888,97.07056414232943,96.70776422226018
0.5079365079365079,95.2805128654375,95.63599768420015,95.28173051207219
0.5119047619047619,94.52688048918222,94.88413625690532,94.52818719244118
0.5158730158730158,93.44093558499935,93.79530787980903,93.44238221019519
0.5198412698412698,92.99422899741897,93.3532759939435,92.9957243884682
0.5238095238095237,91.40606838029944,91.75262182497858,91.40780847440058
0.5277777777777778,92.15141757094361,92.50504493126498,92.15307595141734
0.5317460317460317,91.9047185183188,92.26440877148765,91.90640281666349
0.5357142857142857,90.22810845382706,90.57301718379657,90.23005928058492
0.5396825396825397,89.0915912797622,89.43209777527413,89.09368486864838
0.5436507936507936,89.45483910105314,89.803090368699,89.45689769910565
0.5476190476190476,90.41519655181177,90.76917539383498,90.41714595945724
0.5515873015873015,92.72961092123501,93.07061488673013,92.73109392883603
0.5555555555555556,96.20853863937441,96.50581676025517,96.20889206842793
0.5595238095238095,96.72367759569823,97.02882818130978,96.72396999111551
0.5634920634920635,95.5366809872929,95.8384207102906,95.53714292084041
0.5674603174603174,93.01567777493543,93.28309569642252,93.01673484071097
0.5714285714285714,93.34104650228662,93.6162338932658,93.34206859693447
0.5753968253968254,92.40091717292772,92.67598217341857,92.4020582209488
0.5793650793650793,91.92958860104446,92.20939596085768,91.93078279536017
0.5833333333333333,91.23424276728748,91.51660075631854,91.23551836896675
0.5873015873015872,91.0833976691485,91.37242680840244,91.08468985001358
0.5912698412698413,92.32589741700603,92.61769604021978,92.32702306349388
0.5952380952380952,92.51977028329638,92.81932834566665,92.5208757494526
0.5992063492063492,92.3460368257706,92.65223514043494,92.34716167629028
0.6031746031746031,91.1597833509952,91.46169115286591,91.16106969954492
0.6071428571428571,89.26717628586431,89.55008609022234,89.26880383144749
0.611111111111111,88.73247973158355,89.01918920594932,88.73416522939192
0.615079365079365,88.68293214749029,88.97653265697018,88.68462323577204
0.6190476190476191,90.69119911035428,90.97603429449909,90.69252580341609
0.623015873015873,90.8509881738476,91.14340448718964,90.85229875853686
0.626984126984127,91.99378987672179,92.28996725595802,91.99495271981702
0.6309523809523809,91.42779981967925,91.72772564887845,91.42902734747209
0.6349206349206349,90.08374585748591,90.37653263272055,90.08516649883505
0.6388888888888888,89.00561579309652,89.29554655525506,89.0071753235049
0.6428571428571428,88.2065765756632,88.49737144750064,88.2082291458999
0.6468253968253967,90.61472887739426,90.88809348715867,90.61585510836738
0.6507936507936507,89.69251478774562,89.96557145403254,89.6937566751091
0.6547619047619048,90.6558380315904,90.9338154537102,90.65696154648016
0.6587301587301587,89.64106874273521,89.91741178218268,89.64232330404185
0.6626984126984127,90.71015703966944,90.99058773261011,90.71127570610696
0.6666666666666666,91.16201515016826,91.4499390652662,91.16308451493876
0.6706349206349206,90.99312055639372,91.2876118279514,90.9942088081934
0.6746031746031745,90.95722976420329,91.258842823858,90.95832250609801
0.6785714285714285,90.22070006818397,90.52410539216902,90.22188077752169
0.6825396825396826,90.73996791308596,91.0508103204633,90.74109156974535
0.6865079365079365,90.23205268265262,90.54694967264686,90.23323400040007
0.6904761904761905,88.86004301587784,89.16676347839245,88.8614254922291
0.6944444444444444,87.4512179847527,87.74882581576031,87.45280844732434
0.6984126984126984,87.65201323694106,87.95703764042887,87.6535839178921
0.7023809523809523,89.42392891336682,89.724366535274,89.42520542446974
0.7063492063492063,89.6150307726399,89.92302683096673,89.61628777402761
0.7103174603174602,89.49183618193982,89.80646053613079,89.49310680554103
0.7142857142857142,89.82537643669028,90.1476787076557,89.82661202758241
0.7182539682539683,91.3264679737059,91.64886184858494,91.32747918881748
0.7222222222222222,91.5901427563996,91.92035990884577,91.59112582823836
0.7261904761904762,91.12803586856626,91.46270831220208,91.12907175503551
0.7301587301587301,92.41806613395244,92.75565628546245,92.41892249460453
0.7341269841269841,92.92970540242486,93.27510985799847,92.93050382132068
0.738095238095238,94.75656279466318,95.09836957719718,94.75704735876053
0.742063492063492,94.98687179534653,95.33677639820885,94.98733059797316
0.746031746031746,93.54390313161662,93.88494534742594,93.54458530951237
0.75,91.95623342608681,92.28526107621211,91.95717319256272
0.753968253968254,93.9001069047157,94.22308079057981,93.90069715253485
0.7579365079365079,95.97298246365683,96.28793810634188,95.97317850003101
0.7619047619047619,95.76756304639466,96.08926558635953,95.76778398147573
0.7658730158730158,95.3176862530432,95.64444014831446,95.31796217632841
0.7698412698412698,97.10053581690163,97.42446735519644,97.10050572117494
0.7738095238095237,95.76703050283268,96.08497329766007,95.76720400616843
0.7777777777777777,94.70483200682452,95.02091983105524,94.70515350760655
0.7817460317460317,95.48691540491663,95.80993254425715,95.48713871036594
0.7857142857142857,95.02468662070864,95.3526178873576,95.02496649902258
0.7896825396825397,95.0298673333646,95.3653840050902,95.0301472835612
0.7936507936507936,94.84567488581177,95.1879305524262,94.8459770314181
0.7976190476190476,95.26125626083098,95.6116550797092,95.2615097138333
0.8015873015873015,96.97709681130627,97.32606932718843,96.97706232688563
0.8055555555555555,97.09939508359487,97.45645465361484,97.0993466603754
0.8095238095238095,97.90200792541597,98.26644243080662,97.9018555875248
0.8134920634920635,95.41696246993239,95.74774302397736,95.41738989676095
0.8174603174603174,95.3697669326892,95.70797118554262,95.37020044610288
0.8214285714285714,94.37318395850517,94.71018781854879,94.37375125994522
0.8253968253968254,92.94616094769752,93.27464764851044,92.94694694718004
0.8293650793650793,91.93444591895104,92.26119367995634,91.93536537858964
0.8333333333333333,91.55915504896609,91.89112047207205,91.56011722372678
0.8373015873015872,92.63282881522387,92.96971088511275,92.63365159467145
0.8412698412698412,91.10855173370877,91.43454251088954,91.1096148312435
0.8452380952380952,91.15457026857939,91.48797075247386,91.15562906966477
0.8492063492063492,90.61100974945442,90.94805002918267,90.61213103236042
0.8531746031746031,90.24845525250022,90.59063508366536,90.24961691163723
0.8571428571428571,91.40672829390947,91.75309173943187,91.40773719240609
0.861111111111111,92.03949278494763,92.39334756164885,92.04042923444753
0.865079365079365,93.61460749827253,93.96847351423347,93.61529942774531
0.869047619047619,93.44367920459723,93.8042000944714,93.4443909966172
0.873015873015873,92.6389693301009,93.00033186444482,92.63978192347916
0.876984126984127,92.38906059885728,92.75649026804025,92.389901752237
0.8809523809523809,92.68278973813264,93.05828140230776,92.68359881498024
0.8849206349206349,92.9002616884875,93.28376421548845,92.90104726214459
0.8888888888888888,91.65059852143595,92.02782959517647,91.6515622966813
0.8928571428571428,91.76606954315086,92.15100670874969,91.76702141357597
0.8968253968253967,92.04127067796146,92.43426225930054,92.04219292894264
0.9007936507936507,95.01866158085872,95.38435759690961,95.01876651479625
0.9047619047619047,97.30383251914891,97.65874344258462,97.3034579995344
0.9087301587301587,96.27489306185657,96.62830276991774,96.27466576890593
0.9126984126984127,95.938362362472,96.29761392008201,95.93817736784372
0.9166666666666666,94.19690618420888,94.54122022032149,94.1970322909459
0.9206349206349206,93.50960672753794,93.85638289395649,93.50982085749864
0.9246031746031745,93.8933415491372,94.2482015684978,93.89351055956865
0.9285714285714285,95.34204021526705,95.69875116351577,95.34198496267405
0.9325396825396824,94.48152413438658,94.83868923691819,94.48158477963655
0.9365079365079365,93.71721347176587,94.0758961791677,93.71737407653666
0.9404761904761905,91.22670110009062,91.54949869445753,91.2274617570714
0.9444444444444444,91.0507714636537,91.38004192125544,91.05155237388301
0.9484126984126984,89.8508580761883,90.17503608539191,89.85180845056942
0.9523809523809523,89.26414549966927,89.59143253025024,89.26516458524821
0.9563492063492063,88.29394580382275,88.61945555365317,88.29508994387295
0.9603174603174602,88.19964979092924,88.53179461886188,88.20080458454615
0.9642857142857142,86.27818143585566,86.58879763873541,86.2796992012518
0.9682539682539681,84.70822959945268,85.00555437158576,84.70999762970514
0.9722222222222222,87.02172484854732,87.30277888191544,87.02299197024527
0.9761904761904762,85.63181169736349,85.90404979574606,85.63328629756053
0.9801587301587301,84.46672706453403,84.7340549573903,84.46835843043982
0.9841269841269841,86.4546221625521,86.71186200648495,86.45588036057136
0.988095238095238,89.68819281454918,89.90275610031449,89.68840075883394
0.992063492063492,88.38460705897518,88.59359761257002,88.3850156895461
0.9960317460317459,87.98597027240844,88.20014564361817,87.98642660978574
1.0,88.37592722725694,88.59718813886361,88.37633861989279
