steps,binomial_call,black_scholes
4,9.970522921901265,10.450583572185565
8,10.205099415991738,10.450583572185565
12,10.285849516002099,10.450583572185565
16,10.326651045820466,10.450583572185565
20,10.351260189053285,10.450583572185565
24,10.367717681841143,10.450583572185565
28,10.379497549630772,10.450583572185565
32,10.388345601105609,10.450583572185565
36,10.395235098038492,10.450583572185565
40,10.400751477660528,10.450583572185565
44,10.405268011369005,10.450583572185565
48,10.409033926246053,10.450583572185565
52,10.412221977019897,10.450583572185565
56,10.414955685698455,10.450583572185565
60,10.417325712650772,10.450583572185565
64,10.419400102763928,10.450583572185565
68,10.421230923103346,10.450583572185565
72,10.422858692477726,10.450583572185565
76,10.424315414832359,10.450583572185565
80,10.425626704260843,10.450583572185565
84,10.42681330388021,10.450583572185565
88,10.427892191136095,10.450583572185565
92,10.428877395207305,10.450583572185565
96,10.42978061035106,10.450583572185565
100,10.430611662249113,10.450583572185565
104,10.431378866888325,10.450583572185565
108,10.432089309771321,10.450583572185565
112,10.432749065394573,10.450583572185565
116,10.433363371345061,10.450583572185565
120,10.433936767641741,10.450583572185565
124,10.434473209113271,10.450583572185565
128,10.434976156747096,10.450583572185565
132,10.435448652435182,10.450583572185565
136,10.435893380544627,10.450583572185565
140,10.436312718944638,10.450583572185565
144,10.436708781542759,10.450583572185565
148,10.437083453909873,10.450583572185565
152,10.437438423311976,10.450583572185565
156,10.437775204105126,10.450583572185565
160,10.438095159334875,10.450583572185565
164,10.438399519169005,10.450583572185565
168,10.438689396709695,10.450583572185565
172,10.438965801592609,10.450583572185565
176,10.439229651737113,10.450583572185565
180,10.439481783524856,10.450583572185565
184,10.439722960661015,10.450583572185565
188,10.439953881905504,10.450583572185565
192,10.440175187820094,10.450583572185565
196,10.440387466712897,10.450583572185565
200,10.44059125985994,10.450583572185565
