strike,maturity,delta,gamma,vega,theta,rho
70.0,0.1,0.9999999955432547,4.168075717112124e-09,8.336151434224248e-09,-0.009541217776085763,0.0696508730931232
70.0,0.2,0.9999829552430831,8.315024660487881e-06,3.3260098641951524e-05,-0.009497946568463816,0.1386034997022878
70.0,0.3,0.999717293239255,9.554152949075602e-05,0.000573249176944536,-0.009494646845134236,0.2067862675545507
70.0,0.4,0.9988215102417598,0.00030944247999575077,0.0024755398399660066,-0.00955198725054096,0.27396694803586397
70.0,0.5,0.9971933975358432,0.000609221430649658,0.00609221430649658,-0.009645960464603502,0.33989312834503466
70.0,0.6,0.9949652821861911,0.0009391422125701426,0.011269706550841712,-0.009747731269577375,0.40441121650580564
70.0,0.7,0.9923325452650457,0.0012619187375786335,0.01766686232610087,-0.009839555620974301,0.4674675675795851
70.0,0.7999999999999999,0.98947044536176,0.0015584772561744065,0.024935636098790508,-0.009913455829234367,0.5290745482297059
70.0,0.8999999999999999,0.9865125615451118,0.0018213092001831779,0.032783565603297204,-0.00996724425266857,0.5892808161937305
70.0,0.9999999999999999,0.9835530004157195,0.0020491818684031968,0.040983637368063916,-0.01000163413147518,0.6481520168615602
70.0,1.0999999999999999,0.980654781703973,0.0022439222194603026,0.049366288828126645,-0.010018582217798918,0.7057595744329995
70.0,1.2,0.9778582156406297,0.00240864728105353,0.0578075347452847,-0.010020430072447899,0.7621746048558665
70.0,1.3,0.9751876300243909,0.002546845802054927,0.06621799085342811,-0.010009492250401106,0.8174648328562086
70.0,1.4,0.9726563471757363,0.002661928848438106,0.07453400775626695,-0.009987878875874295,0.8716932056018192
70.0,1.5,0.9702702313396949,0.0027570298785634475,0.08271089635690342,-0.009957435893806463,0.9249174376580008
70.0,1.5999999999999999,0.9680301711188798,0.0028349337578516213,0.09071788025125191,-0.009919741524715196,0.9771900495842308
70.0,1.7,0.9659338000698336,0.0028980698956774277,0.09853437645303254,-0.00987612736591228,1.028558653203649
70.0,1.8,0.9639766825525615,0.0029485351580203394,0.10614726568873223,-0.009827708350787286,1.0790663459159848
70.0,1.9,0.9621531274453157,0.0029881286653097817,0.11354888928177172,-0.00977541396776664,1.1287521387656894
70.0,2.0,0.9604567437541885,0.003018389413500165,0.1207355765400066,-0.009720017338950879,1.1776513784068152
72.5,0.1,0.9999998978397693,8.683309441758746e-08,1.7366618883517492e-07,-0.009882019416440138,0.07213839440763534
72.5,0.2,0.9999122639102471,3.913572209665297e-05,0.0001565428883866119,-0.009852902984194157,0.14353929779246147
72.5,0.3,0.9991180399234711,0.000273876883017653,0.0016432612981059178,-0.009921260167258895,0.21398907506675802
72.5,0.4,0.9971425077853254,0.0006922609096180311,0.005538087276944249,-0.010073483573303234,0.28306954578656596
72.5,0.5,0.994156003570859,0.00117452174312045,0.0117452174312045,-0.01024602423293628,0.3504894496397653
72.5,0.6,0.9905353966299577,0.0016396378150891732,0.019675653781070078,-0.010399658490451743,0.41615373431964614
72.5,0.7,0.9866083205334285,0.002052504651559112,0.02873506512182757,-0.010519777783097487,0.48009051447262635
72.5,0.7999999999999999,0.9826033820263173,0.002403700630043265,0.03845921008069224,-0.010604526746977686,0.5423859418621122
72.5,0.8999999999999999,0.9786654017963196,0.0026953678140968816,0.04851662065374387,-0.010657232675450335,0.6031469454695992
72.5,0.9999999999999999,0.9748801893759282,0.0029339885836601287,0.058679771673202555,-0.01068277127607234,0.6624827598068757
72.5,1.0999999999999999,0.9712947814228149,0.003127083908337167,0.06879584598341766,-0.010686031422091043,0.7204966312270754
72.5,1.2,0.967931584384734,0.0032818328667256905,0.07876398880141657,-0.01067135405593266,0.777282637696868
72.5,1.3,0.9647977086129177,0.003404578419728251,0.08851903891293453,-0.010642392441355347,0.8329249648587532
72.5,1.4,0.961890984040658,0.0035007233725805175,0.0980202544322545,-0.010602140969376977,0.8874982982058183
72.5,1.5,0.9592037955796747,0.0035747861221646303,0.1072435836649389,-0.010553021334377794,0.9410686687844907
72.5,1.5999999999999999,0.9567255130213019,0.0036305116982297886,0.11617637434335323,-0.010496979285785298,0.9936944318930163
72.5,1.7,0.9544440206405626,0.003670992417419049,0.12481374219224767,-0.010435573845133668,1.045427229796593
72.5,1.8,0.952346670653352,0.003698779651217716,0.1331560674438378,-0.010370053347550201,1.096312874980421
72.5,1.9,0.9504208676380212,0.0037159805477533095,0.14120726081462573,-0.010301417837761805,1.1463921324683108
72.5,2.0,0.9486544164260349,0.0037243389353117592,0.14897355741247037,-0.010230469277671544,1.195701399715105
75.0,0.1,0.9999984138192489,1.218282182815432e-06,2.436564365630864e-06,-0.010223376498125778,0.07462577530758692
75.0,0.2,0.9996281061450393,0.00015100367209022758,0.0006040146883609103,-0.010249271590730552,0.1484313358479442
75.0,0.3,0.9975828227970491,0.0006872056388323785,0.0041232338329942695,-0.010463342999827362,0.22090074403023066
75.0,0.4,0.9937143070560212,0.0014007471159839995,0.011205976927871997,-0.01074830397340257,0.291438522167611
75.0,0.5,0.9887466722988623,0.002088748463790887,0.02088748463790887,-0.011002840214839832,0.3598286985658362
75.0,0.6,0.9833351319519741,0.002675447569636893,0.03210537083564272,-0.011194667229493735,0.42611568298054026
75.0,0.7,0.9778932056450982,0.003149452937817507,0.0440923411294451,-0.011323529254698513,0.4904476626562039
75.0,0.7999999999999999,0.9726493463409615,0.0035221527862908885,0.05635444458065421,-0.01139908825700973,0.5529978650480597
75.0,0.8999999999999999,0.9677173994244954,0.003810415048377384,0.06858747087079291,-0.011432385137469157,0.6139327617901378
75.0,0.9999999999999999,0.9631450871385173,0.0040304525313255134,0.08060905062651023,-0.011433143605056257,0.6734013819160859
75.0,1.0999999999999999,0.958943339838933,0.00419605640365732,0.09231324088046103,-0.011409212488017862,0.7315332810269121
75.0,1.2,0.9551033247249469,0.0043184069791814515,0.10364176750035481,-0.011366704492842382,0.788439778572283
75.0,1.3,0.9516061845797406,0.004406387132022734,0.1145660654325911,-0.011310309265133198,0.8442162183959583
75.0,1.4,0.9484285594571391,0.00446700182995887,0.12507605123884835,-0.01124360523008664,0.8989443520371576
75.0,1.5,0.945545680841937,0.004505768664672776,0.13517305994018328,-0.011169320846417708,0.9526945128023725
75.0,1.5999999999999999,0.9429330666606562,0.0045270427651949545,0.14486536848623854,-0.011089539575560201,1.0055274854529541
75.0,1.7,0.9405674086353917,0.004534274715810537,0.15416534033755827,-0.01100585617816013,1.0574960710345553
75.0,1.8,0.9384269942471473,0.004530211020240905,0.16308759672867257,-0.010919494472870484,1.1086463802778364
75.0,1.9,0.9364918627608578,0.004517048550056404,0.17164784490214335,-0.010831395726122897,1.159018897408959
75.0,2.0,0.9347438122165501,0.00449655326683026,0.17986213067321039,-0.010742285040050776,1.2086493545009924
77.5,0.1,0.999982701207221,1.1925613664062103e-05,2.385122732812421e-05,-0.010569782932432223,0.07711171295209898
77.5,0.2,0.9986777895633697,0.00048619928340914753,0.0019447971336365901,-0.010758632079305568,0.1531864340905881
77.5,0.3,0.9941078775060697,0.001527372057535951,0.009164232345215705,-0.011211647692439552,0.22720661977399473
77.5,0.4,0.9873391596796336,0.002586625317856187,0.0206930025428495,-0.011642161774984667,0.2985651187438533
77.5,0.5,0.9798103551067951,0.0034511936359229185,0.03451193635922918,-0.011953721487931897,0.36728696159105584
77.5,0.6,0.972344885619471,0.004104742255830895,0.04925690706997075,-0.012149262712301425,0.4336238926588608
77.5,0.7,0.9653227557194329,0.004582780379787229,0.0641589253170212,-0.012253967381757484,0.497859882573765
77.5,0.7999999999999999,0.9588893516223851,0.004925558358057361,0.07880893372891777,-0.012292273245883603,0.5602508901017668
77.5,0.8999999999999999,0.9530759609983569,0.00516660791419391,0.0929989424554904,-0.012283264405796973,0.6210125865498805
77.5,0.9999999999999999,0.9478612977655012,0.005331578237066601,0.10663156474133198,-0.012240903384981518,0.6803228176209868
77.5,1.0999999999999999,0.9432019442673425,0.005439552635530934,0.11967015798168053,-0.012175192379271482,0.7383276320921387
77.5,1.2,0.9390472042884179,0.005504636900576215,0.13211128561382915,-0.012093264036986026,0.7951473584123177
77.5,1.3,0.9353461867627371,0.005537282174318713,0.14396933653228658,-0.012000215509545147,0.8508817787912614
77.5,1.4,0.9320510057576381,0.00554527994343624,0.15526783841621472,-0.011899706085365351,0.9056142850919093
77.5,1.5,0.9291180398515212,0.005534483926739074,0.16603451780217224,-0.011794376075871122,0.9594151447035434
77.5,1.5999999999999999,0.926508233746747,0.005509327888583657,0.17629849243467707,-0.011686139001290768,1.0123440504814072
77.5,1.7,0.9241869439057397,0.005473196901303984,0.18608869464433542,-0.011576386000371561,1.0644521133574398
77.5,1.8,0.9221235851872396,0.0054286948079555015,0.19543301308639804,-0.011466129776003552,1.1157834263940705
77.5,1.9,0.9202912091022786,0.005377838319727511,0.2043578561496454,-0.011356106794963862,1.1663763001621965
77.5,2.0,0.9186660784284664,0.005322199069314263,0.21288796277257055,-0.011246850486340963,1.2162642454606398
80.0,0.1,0.9998630916381569,8.40469457968751e-05,0.00016809389159375024,-0.010948394673813032,0.07958709333564762
80.0,0.2,0.9959914109048408,0.0013270878204095198,0.005308351281638079,-0.011520558827273326,0.1575834563149144
80.0,0.3,0.9870835800373179,0.0030388661606424627,0.01823319696385477,-0.012276941383106131,0.23239862236231473
80.0,0.4,0.976453570022457,0.004393806707746393,0.03515045366197114,-0.012810932319447771,0.30377831640393255
80.0,0.5,0.9660259272621473,0.005331889805010267,0.053318898050102675,-0.013117204184221683,0.3721401566238861
80.0,0.6,0.9565050454487328,0.005952974292196085,0.07143569150635302,-0.013261100968340373,0.43796483940060227
80.0,0.7,0.9480643871937028,0.006352727324310278,0.08893818254034391,-0.013298084878837333,0.5016557722278998
80.0,0.7999999999999999,0.9406743793388042,0.0066004558371070094,0.10560729339371216,-0.013266160209006898,0.5635291694185784
80.0,0.8999999999999999,0.9342366753739378,0.00674342834983899,0.12138171029710182,-0.013190158308919201,0.6238299803017879
80.0,0.9999999999999999,0.9286374026649282,0.006813597181997179,0.13627194363994355,-0.013086204595966273,0.6827490482256505
80.0,1.0999999999999999,0.923767442476311,0.006832721907100694,0.1503198819562152,-0.012964838915851084,0.7404368010304114
80.0,1.2,0.9195292509369889,0.006815810127262723,0.16357944305430533,-0.012833016878930096,0.7970133924856658
80.0,1.3,0.9158382274632436,0.006773357156376651,0.17610728606579293,-0.012695370357269562,0.8525760747732956
80.0,1.4,0.9126219756697043,0.0067128015649985,0.187958443819958,-0.012555004395442335,0.9072045615742905
80.0,1.5,0.909818864915688,0.006639480124544638,0.19918440373633914,-0.012414007029346629,0.9609649622407774
80.0,1.5999999999999999,0.9073764762217228,0.006557262950262111,0.20983241440838754,-0.012273780220316303,1.013912700916169
80.0,1.7,0.905250160002332,0.0064689823246163,0.21994539903695415,-0.012135257917870441,1.0660947095338131
80.0,1.8,0.9034017790860172,0.0063767266011509095,0.22956215764143276,-0.011999051835676323,1.1175510959250032
80.0,1.9,0.9017986456449981,0.006282044565842618,0.2387176935020195,-0.01186555021632059,1.168316427999627
80.0,2.0,0.9004126353941782,0.006186089479892359,0.24744357919569443,-0.01173498556217751,1.2184207336865274
82.5,0.1,0.9991901799891367,0.0004385563678258447,0.0008771127356516895,-0.011474020985769396,0.08200612772481321
82.5,0.2,0.9894811693692763,0.0031141883259278246,0.012456753303711298,-0.012746712543755328,0.16118849653140518
82.5,0.3,0.974281147846734,0.00546349676119927,0.03278098056719561,-0.013759288782593861,0.23576646320441433
82.5,0.4,0.9592626417617317,0.006914440095320476,0.05531552076256381,-0.014278330176690742,0.30629619963424204
82.5,0.5,0.9460563508779437,0.007746248203312588,0.07746248203312589,-0.01448121021741357,0.37363920886934354
82.5,0.6,0.9348429038575562,0.008199871221546992,0.09839845465856391,-0.014503644492784486,0.4384627194668326
82.5,0.7,0.9254155025153367,0.008423772994913332,0.11793282192878664,-0.014424835781198074,0.5012434645616483
82.5,0.7999999999999999,0.917498614109995,0.00850600103797997,0.13609601660767953,-0.014289638451794068,0.5623228523694145
82.5,0.8999999999999999,0.9108371394874107,0.008499467968323652,0.15299042342982574,-0.014123763051580685,0.6219503856291994
82.5,0.9999999999999999,0.9052162214464998,0.008436747327423319,0.16873494654846632,-0.013942227402342357,0.6803127072740592
82.5,1.0999999999999999,0.9004605287336804,0.008338389593003044,0.1834445710460669,-0.013753944355225672,0.7375525896324874
82.5,1.2,0.8964282983788736,0.008217646633385974,0.19722351920126335,-0.01356425250895768,0.7937814813821662
82.5,1.3,0.8930048913293431,0.008083221693161382,0.210163764022196,-0.013376348732875323,0.8490879667054763
82.5,1.4,0.8900971990870796,0.007940914057880187,0.22234559362064524,-0.013192121175201816,0.9035435968643352
82.5,1.5,0.8876291294306523,0.00779462892411791,0.2338388677235373,-0.013012645974880156,0.9572069988023024
82.5,1.5999999999999999,0.8855380639532503,0.007647012793151098,0.24470440938083515,-0.012838490137627908,1.0101268293132692
82.5,1.7,0.8837721054762188,0.007499862179146351,0.25499531409097587,-0.01266989981747537,1.0623439391667417
82.5,1.8,0.8822879419931765,0.007354391762341049,0.2647581034442778,-0.012506919273526344,1.113892985652806
82.5,1.9,0.8810491840675678,0.007211413455382831,0.27403371130454757,-0.012349467018302814,1.1648036528295052
82.5,2.0,0.8800250639811775,0.007071457865139108,0.2828583146055643,-0.012197385049096213,1.2151015879569185
85.0,0.1,0.9963225151854106,0.0017372329459334646,0.003474465891866929,-0.012486296334846993,0.0842010314606492
85.0,0.2,0.9757830566780966,0.006362174039175554,0.025448696156702217,-0.014670845537473621,0.16329695253371046
85.0,0.3,0.9530614205701639,0.008951051211776577,0.053706307270659455,-0.015701804005835745,0.2364568931864839
85.0,0.4,0.933990076779926,0.010144524838118571,0.08115619870494858,-0.016015020933664404,0.30532621385310343
85.0,0.5,0.9187435467851384,0.010636748815372353,0.10636748815372353,-0.015995758844696336,0.3711102215239691
85.0,0.6,0.9066098679237151,0.01077340689635654,0.1292808827562785,-0.015824832701045587,0.43456590679323964
85.0,0.7,0.8968970781789518,0.01072404883222558,0.1501366836511581,-0.015586190075031207,0.49618094553177833
85.0,0.7999999999999999,0.8890625810807924,0.010575651525963821,0.16921042441542114,-0.015320282287438106,0.556283636755543
85.0,0.8999999999999999,0.8826993045673628,0.010374933750294916,0.18674880750530845,-0.01504721268124125,0.615104258146933
85.0,0.9999999999999999,0.8775029982658564,0.010147945944808076,0.20295891889616144,-0.014777095299237746,0.6728101190520323
85.0,1.0999999999999999,0.8732442432297445,0.009909613225025884,0.21801149095056938,-0.014514936782080443,0.7295264416999205
85.0,1.2,0.869747815539505,0.00966862759178605,0.23204706220286514,-0.014263053156749876,0.7853493321255587
85.0,1.3,0.8668780434568599,0.009430072692352411,0.2451818900011627,-0.014022317477539731,0.8403541486161953
85.0,1.4,0.864528474411604,0.009196888363260247,0.25751287417128693,-0.01379282614736599,0.8946010839182302
85.0,1.5,0.8626145349688895,0.008970715491596523,0.26912146474789567,-0.013574264187860514,0.948138999074935
85.0,1.5999999999999999,0.8610682574252588,0.008752397272776874,0.28007671272886,-0.013366109161177695,1.0010081245678348
85.0,1.7,0.8598344415821813,0.008542283651590647,0.29043764415408196,-0.013167746131239328,1.0532420065786368
85.0,1.8,0.8588678237009639,0.008340419807437263,0.30025511306774144,-0.012978532446892687,1.104868937386216
85.0,1.9,0.8581309610847687,0.008146664640761988,0.3095732563489555,-0.012797833727294207,1.1559130252777954
85.0,2.0,0.857592631737015,0.007960766108730952,0.3184306443492381,-0.012625043124501904,1.206395007478802
87.5,0.1,0.9868582261368147,0.005342763238864007,0.010685526477728014,-0.014669978094974232,0.08571978713785587
87.5,0.2,0.950472374718825,0.011443924070965205,0.045775696283860814,-0.017433026901952878,0.1629708002007904
87.5,0.3,0.9208293481838612,0.013464719621490524,0.08078831772894313,-0.018045051803006466,0.23360999902795537
87.5,0.4,0.8992020159364476,0.013955066406026262,0.1116405312482101,-0.017927377607633695,0.3001983636464837
87.5,0.5,0.8833099440958448,0.013868045448029519,0.1386804544802952,-0.01757319292983756,0.36406063297848057
87.5,0.6,0.8714034277444999,0.013552836077111862,0.16263403292534234,-0.017150551884953253,0.4259261067102678
87.5,0.7,0.8623269704277647,0.013150540358320159,0.18410756501648223,-0.016721105380021303,0.48623335488612407
87.5,0.7999999999999999,0.8553168244916942,0.01272250755148021,0.20356012082368338,-0.01630797391635638,0.5452654350678459
87.5,0.8999999999999999,0.8498549279982223,0.012296468593747148,0.22133643468744868,-0.01591915038712964,0.6032153110595198
87.5,0.9999999999999999,0.845579496774732,0.011884934919289084,0.2376986983857816,-0.015556406856221366,0.6602203037325964
87.5,1.0999999999999999,0.8422309161201669,0.011493177722051596,0.252849909885135,-0.015218946229705372,0.7163815624750708
87.5,1.2,0.839618321176266,0.01112292171238749,0.2669501210972997,-0.014904976804778893,0.7717757259040314
87.5,1.3,0.8375983762475729,0.010774142068781623,0.28012769378832225,-0.014612409204482965,0.8264622459287888
87.5,1.4,0.8360614164934098,0.010445970835742353,0.29248718340078583,-0.0143391638083757,0.8804881744144245
87.5,1.5,0.8349221560344067,0.010137165010153541,0.3041149503046062,-0.014083299532185473,0.9338913981650968
87.5,1.5999999999999999,0.8341133061495933,0.009846350723668738,0.3150832231573996,-0.013843059374989211,0.9867028886839405
87.5,1.7,0.8335810958729142,0.009572149758138703,0.3254530917767159,-0.013616877432664553,1.0389483058402393
87.5,1.8,0.8332820657214786,0.009313242980627499,0.33527674730258994,-0.013403368800624855,1.090649165796926
87.5,1.9,0.8331807318375856,0.009068399586191786,0.34459918427528785,-0.013201312734811947,1.1418237077678415
87.5,2.0,0.8332478568943491,0.008836487797697454,0.3534595119078982,-0.01300963405396456,1.1924875480630295
90.0,0.1,0.9621809651762119,0.013017131971891067,0.026034263943782134,-0.018868461301286058,0.08567123961182395
90.0,0.2,0.9089785247433715,0.01830858608540162,0.07323434434160647,-0.020937551343706236,0.15921956093489809
90.0,0.3,0.8756491168615432,0.018723511704306316,0.11234107022583789,-0.020604133236495174,0.22654837742756853
90.0,0.4,0.8541289101731557,0.018091599963683272,0.14473279970946618,-0.019861869115824046,0.2905009787631298
90.0,0.5,0.8395228492806657,0.017238257785615545,0.1723825778561555,-0.019096821724368704,0.35226883722714675
90.0,0.6,0.8292506106643545,0.016380619823342116,0.19656743788010542,-0.018392474612474948,0.4124555122661919
90.0,0.7,0.8218610072504796,0.015579201494233723,0.2181088209192721,-0.017761758469960802,0.47140821597645266
90.0,0.7999999999999999,0.816480252585535,0.014847399731666404,0.23755839570666246,-0.0171996854479691,0.5293448387480705
90.0,0.8999999999999999,0.8125514777200212,0.014183517039008723,0.25530330670215695,-0.016697375622911216,0.5864109650209527
90.0,0.9999999999999999,0.8097030607754923,0.013581289746314734,0.2716257949262946,-0.016246029678683854,0.6427085766913321
90.0,1.0999999999999999,0.8076775102716203,0.013033560275388743,0.28673832605855226,-0.015837963291813098,0.6983118002154869
90.0,1.2,0.8062907925488318,0.012533550134625896,0.30080520323102145,-0.015466741403595712,0.7532761404929414
90.0,1.3,0.8054079164046422,0.012075246436720338,0.31395640735472885,-0.015127049579387361,0.807644190374403
90.0,1.4,0.8049276626424107,0.011653456417350572,0.32629677968581605,-0.014814509551745897,0.8614493168167984
90.0,1.5,0.8047726925448558,0.011263743531272201,0.337912305938166,-0.0145255044698822,0.9147181275757688
90.0,1.5999999999999999,0.8048829441580965,0.01090232921978977,0.34887453503327265,-0.014257031186090237,0.9674721724687945
90.0,1.7,0.8052111063457431,0.010565992971669295,0.35924376103675604,-0.014006580736758452,1.0197291473582117
90.0,1.8,0.8057194447294408,0.010251982308018515,0.36907136308866656,-0.013772043314641826,1.0715037653666026
90.0,1.9,0.8063775300723742,0.009957935749799937,0.3784015584923976,-0.013551633140652733,1.1228083996237388
90.0,2.0,0.8071605829315907,0.009681818453569167,0.38727273814276664,-0.013343829053933923,1.1736535655888196
92.5,0.1,0.9104222712782303,0.025586607692932646,0.0511732153858653,-0.025364107367961502,0.0828115530143884
92.5,0.2,0.8480630180320354,0.02629149779332078,0.10516599117328312,-0.02476937818152768,0.15130093910373782
92.5,0.3,0.8168408305241559,0.02421598847111533,0.14529593082669195,-0.02308480911652239,0.21496545799845637
92.5,0.4,0.7989002636649137,0.022205934649416025,0.1776474771953282,-0.021625992345562384,0.27618402209976517
92.5,0.5,0.7877848345402741,0.02050462183754535,0.20504621837545353,-0.02043644475489006,0.3358377968025802
92.5,0.6,0.7806376115503635,0.01908093265174464,0.2289711918209357,-0.019458772228255924,0.3943518399557381
92.5,0.7,0.7759960477613861,0.017878135710228338,0.25029389994319673,-0.01864093074056852,0.45196376095665786
92.5,0.7999999999999999,0.7730315498950986,0.01684838438264689,0.2695741501223503,-0.017944654167938345,0.5088195031628987
92.5,0.8999999999999999,0.7712387429186283,0.01595528845342467,0.2871951921616441,-0.01734254417515648,0.5650147679844925
92.5,0.9999999999999999,0.7702916591548228,0.01517162262350614,0.3034324524701227,-0.016814798753978077,0.6206154041001538
92.5,1.0999999999999999,0.7699706403206199,0.014476888493060745,0.3184915468473363,-0.016346843297661583,0.6756684231075522
92.5,1.2,0.7701223717122998,0.013855447491089811,0.3325307397861554,-0.015927738185050142,0.7302083854380814
92.5,1.3,0.7706367189839468,0.013295190004144189,0.34567494010774896,-0.015549116888432654,0.784261312496761
92.5,1.4,0.7714326473846038,0.012786600437723427,0.35802481225625593,-0.015204469830876206,0.8378471922030364
92.5,1.5,0.7724493150730173,0.01232209761242305,0.3696629283726915,-0.014888652968814559,0.890981643339811
92.5,1.5999999999999999,0.773640246545442,0.011895564146270006,0.3806580526806402,-0.01459754418438606,0.9436770553750113
92.5,1.7,0.7749694095214532,0.011502006038922633,0.39106820532336944,-0.014327798550745577,0.9959433895007872
92.5,1.8,0.7764085066238702,0.011137302896284066,0.4009429042662264,-0.014076670949181434,1.047788754189988
92.5,1.9,0.7779350643692862,0.01079802208026901,0.4103248390502223,-0.01384188539897861,1.099219826737889
92.5,2.0,0.7795310584913318,0.010481278567786736,0.41925114271146946,-0.013621537346740526,1.150242167201178
95.0,0.1,0.8216569152320929,0.04124844839478217,0.08249689678956436,-0.03302150626141846,0.07606320212922608
95.0,0.2,0.7673052816729908,0.034170152708279125,0.1366806108331165,-0.02824602944980589,0.13903080830093295
95.0,0.3,0.7453552668598267,0.029291797377071677,0.17575078426243004,-0.02513935545980214,0.19905031604480666
95.0,0.4,0.7346272924865118,0.025913077367643488,0.20730461894114793,-0.023020943511074834,0.2576023126410893
95.0,0.5,0.7291306113288039,0.023417760872306723,0.23417760872306725,-0.02146730989338333,0.31520159366235706
95.0,0.6,0.7264813643282406,0.021481056983717797,0.2577726838046136,-0.020265596457673986,0.3720877572368934
95.0,0.7,0.7255359356581265,0.019921538827830935,0.2789015435896331,-0.01929928382827181,0.42839031644542347
95.0,0.7999999999999999,0.7256761506418518,0.01863019358666306,0.298083097386609,-0.018499180691200774,0.48418595759290717
95.0,0.8999999999999999,0.7265389084450029,0.017537382925632033,0.31567289266137655,-0.017821441419382574,0.5395229159306819
95.0,0.9999999999999999,0.7278974800590385,0.0165963647668377,0.3319272953367539,-0.01723681399005138,0.5944328306002427
95.0,1.0999999999999999,0.7296035071307467,0.015774478773546523,0.3470385330180234,-0.016724958228596074,0.6489370797202174
95.0,1.2,0.7315562714896322,0.015048136415320004,0.36115527396768,-0.016271243840797145,0.7030504125184699
95.0,1.3,0.7336853453997019,0.014399823912164584,0.3743954217162792,-0.015864847122760223,0.7567831485173868
95.0,1.4,0.7359402810452643,0.01381623015113729,0.3868544442318441,-0.015497568069555066,0.8101425682448395
95.0,1.5,0.7382842187411984,0.013287033513921305,0.39861100541763905,-0.015163066987705566,0.863133824318481
95.0,1.5999999999999999,0.7406897814802301,0.012804090483703278,0.40973089547850494,-0.014856355710133776,0.9157605559866154
95.0,1.7,0.7431363572526214,0.012360877914789327,0.4202698491028371,-0.014573448928881023,0.968025313868461
95.0,1.8,0.7456082527057089,0.011952100380971001,0.4302756137149561,-0.014311119383753753,1.0199298595953308
95.0,1.9,0.748093410135865,0.01157340785227136,0.43978949838631165,-0.01406672226148746,1.0714753808956872
95.0,2.0,0.7505824981115075,0.011221188865331902,0.44884755461327613,-0.01383806683215777,1.1226626482684825
97.5,0.1,0.6953207642809037,0.05535804130359549,0.11071608260719101,-0.0392747942569746,0.06527383286153261
97.5,0.2,0.6698816743344892,0.040495275050930465,0.16198110020372186,-0.030610887583554756,0.12295675831245566
97.5,0.3,0.6637873609698943,0.03330414072549017,0.199824844352941,-0.026445392216808153,0.1795044008422164
97.5,0.4,0.6633102080329786,0.02885815704646232,0.23086525637169855,-0.0238773286257404,0.2354874831282225
97.5,0.5,0.665132345944456,0.02575688869589384,0.2575688869589385,-0.022088286805925294,0.2910846944983964
97.5,0.6,0.6680498560165946,0.023431637347734117,0.28117964817280944,-0.020747198704571732,0.3463680069146232
97.5,0.7,0.6715270932544998,0.02160218582560753,0.30243060155850543,-0.019691392805829003,0.4013689692608513
97.5,0.7999999999999999,0.6752944187397318,0.020112360841026418,0.32179777345642274,-0.018830420855693298,0.4561010310596432
97.5,0.8999999999999999,0.6792045893000441,0.018867312128822464,0.3396116183188043,-0.01810946651375244,0.5105687133159267
97.5,0.9999999999999999,0.683172605275796,0.017805651657246496,0.3561130331449297,-0.01749312257585771,0.564771881747753
97.5,1.0999999999999999,0.6871475183600122,0.016885651289241608,0.3714843283633153,-0.016957367047199728,0.6187079171635074
97.5,1.2,0.6910980656369143,0.01607781764735594,0.3858676235365425,-0.016485252675065114,0.6723728872626189
97.5,1.3,0.6950048599028256,0.015360630839562892,0.39937640182863526,-0.016064436365108986,0.7257622073915725
97.5,1.4,0.6988559202524254,0.01471796788426798,0.4121031007595034,-0.015685687141350088,0.7788710243269721
97.5,1.5,0.7026440055223044,0.014137476217143247,0.42412428651429734,-0.015341945352641237,0.8316944430856207
97.5,1.5999999999999999,0.7063649679973609,0.01360950911851938,0.4355042917926202,-0.015027707578640076,0.8842276615999208
97.5,1.7,0.7100167077727171,0.013126407103968698,0.4462978415349357,-0.01473861186860168,0.9364660498235969
97.5,1.8,0.7135984927444445,0.012681999763449723,0.45655199148419007,-0.014471150514428415,0.9884051946275138
97.5,1.9,0.7171105075967539,0.012271252312499294,0.4663075878749731,-0.014222466467786736,1.040040923332074
97.5,2.0,0.7205535497672793,0.011890009642927609,0.47560038571710433,-0.013990206063185765,1.0913693137909133
100.0,0.1,0.5440648351212303,0.06269313918221042,0.12538627836442087,-0.04142539535541725,0.05163282936570414
100.0,0.2,0.5621902973226036,0.04406004789616838,0.17624019158467352,-0.03128633631799616,0.10430012707339692
100.0,0.3,0.5760125309659992,0.03575520576654395,0.21453123459926368,-0.026781046408013362,0.15744244713696526
100.0,0.4,0.587593712902997,0.03077583604777681,0.24620668838221452,-0.024084585952268978,0.21085653304182508
100.0,0.5,0.5977344689084383,0.027358658565220986,0.2735865856522099,-0.022235527749869474,0.264423591565816
100.0,0.6,0.6068463363966523,0.024822420175457664,0.297869042105492,-0.020863034734611832,0.31806283716501427
100.0,0.7,0.6151743376493812,0.022840766509672622,0.3197707311354167,-0.01978974784460189,0.37171465258832304
100.0,0.7999999999999999,0.6228784788044813,0.021235116455508653,0.33976186328813845,-0.01891877461139037,0.42533271072892087
100.0,0.8999999999999999,0.6300701531388421,0.019898408030287577,0.35817134454517635,-0.018192121716177317,0.47887970766249693
100.0,0.9999999999999999,0.6368306511756191,0.0187620173458469,0.37524034691693786,-0.01757267820941972,0.5323248154537633
100.0,1.0999999999999999,0.643221482363153,0.017779647110250173,0.3911522364255037,-0.017035448620413344,0.5856420513681838
100.0,1.2,0.6492905446191172,0.016918770631514965,0.406050495156359,-0.016562901452803345,0.638809176952855
100.0,1.3,0.6550760179645677,0.01615577126963315,0.42005005301046194,-0.01614232907513296,0.6918069232091938
100.0,1.4,0.6606089317478283,0.015473027610128325,0.4332447730835931,-0.015764265878388164,0.7446184266040842
100.0,1.5,0.6659149194467965,0.01485708592591858,0.44571257777755735,-0.015421497374762828,0.7972288069814149
100.0,1.5999999999999999,0.6710154549680898,0.014297470844471524,0.4575190670230888,-0.015108415909726978,0.8496248442099332
100.0,1.7,0.6759287463580306,0.013785886434555767,0.46872013877489604,-0.014820588259798002,0.9017947254911398
100.0,1.8,0.6806703963528073,0.013315664708135437,0.4793639294928758,-0.014554457408304534,0.953727844465464
100.0,1.9,0.6852539001251722,0.012881375766449002,0.48949227912506205,-0.01430713192025285,1.0054146390889462
100.0,2.0,0.6896910267811551,0.012478546401807622,0.49914185607230493,-0.014076234049365394,1.0568464590627378
102.5,0.1,0.3898366646492699,0.06065781318126631,0.12131562636253262,-0.03834781382520335,0.03730778819891922
102.5,0.2,0.452420986135587,0.04428551642937189,0.17714206571748758,-0.030066084919292333,0.08468070838669287
102.5,0.3,0.4865546860256318,0.036397596171973114,0.21838557703183867,-0.026072110393581073,0.1342080635557481
102.5,0.4,0.5104300324466666,0.03152837709003571,0.2522270167202857,-0.023607322926420662,0.1848797960109119
102.5,0.5,0.5290508805225251,0.02813465264006011,0.2813465264006011,-0.021889313260422524,0.23626688120422
102.5,0.6,0.544476776269072,0.025591410031810275,0.3070969203817233,-0.02060098272677054,0.288129202669103
102.5,0.7,0.5577489489610207,0.023591136459035253,0.33027591042649357,-0.019586377085411007,0.3403120482115153
102.5,0.7999999999999999,0.5694655327005429,0.021962607868086632,0.3514017258893861,-0.01875873612075474,0.39270673767330466
102.5,0.8999999999999999,0.5800016338967219,0.02060190191880196,0.3708342345384353,-0.01806546133490344,0.4452323406262853
102.5,0.9999999999999999,0.589608082893181,0.019441792086439345,0.38883584172878677,-0.017472571208756265,0.4978260147816335
102.5,1.0999999999999999,0.5984610369346867,0.018436598903004812,0.4056051758661057,-0.0169570082394574,0.5504374098962174
102.5,1.2,0.6066890920802428,0.017554045963321205,0.4212971031197088,-0.01650250459040777,0.6030251958803027
102.5,1.3,0.6143891109684938,0.016770588548154358,0.43603530225201337,-0.01609721174696033,0.6555547902825084
102.5,1.4,0.6216359649429917,0.016068590271941834,0.4499205276143713,-0.01573226869612132,0.7079968055148563
102.5,1.5,0.6284887968199231,0.015434541426951845,0.4630362428085554,-0.015400898953435214,0.7603259497840452
102.5,1.5999999999999999,0.6349951960968437,0.014857893192628471,0.47545258216411107,-0.01509782012176279,0.8125202258936716
102.5,1.7,0.6411940698162678,0.014330270896446819,0.48722921047919177,-0.014818845716046398,0.8645603324029743
102.5,1.8,0.6471176697556216,0.013844928739753197,0.49841743463111515,-0.014560609403193469,0.9164292063173918
102.5,1.9,0.6527930573598155,0.013396362993484097,0.5090617937523956,-0.014320369537079443,0.9681116672881273
102.5,2.0,0.6582431840633226,0.012980031940215315,0.5192012776086127,-0.014095867749627034,1.0195941362283216
105.0,0.1,0.254382954884099,0.050707548801234875,0.10141509760246975,-0.03114152456338876,0.02450293410779841
105.0,0.2,0.34865070063941495,0.04135346472880295,0.1654138589152118,-0.02716197186827149,0.06573707144634013
105.0,0.3,0.3998681752986035,0.03526503594808256,0.2115902156884953,-0.024399012326421374,0.11115793857163733
105.0,0.4,0.4347236079830437,0.031116014480534866,0.24892811584427893,-0.022486099189815218,0.15873786465404657
105.0,0.5,0.46116022571905085,0.028075683527420743,0.2807568352742074,-0.02107357212521206,0.20767171202182538
105.0,0.6,0.4825198287223619,0.025726889669851465,0.30872267603821757,-0.019976639367654668,0.2575314522268392
105.0,0.7,0.5005002770549666,0.02384134260472381,0.3337787964661334,-0.01909217179340508,0.308052385710733
105.0,0.7999999999999999,0.5160747003204589,0.022283445160900927,0.35653512257441483,-0.018358304704502244,0.35905474959410133
105.0,0.8999999999999999,0.5298498424957464,0.020967220580318576,0.3774099704457344,-0.01773559164500143,0.4104084301851252
105.0,0.9999999999999999,0.5422283335848052,0.019835261904213267,0.3967052380842652,-0.017197606676738413,0.4620148112333734
105.0,1.0999999999999999,0.5534905098873671,0.01884761270957792,0.4146474796107141,-0.01672592114639755,0.513796508834295
105.0,1.2,0.5638391635249572,0.01797550168210681,0.43141204037056335,-0.01630725136207314,0.5656911385764805
105.0,1.3,0.5734256306085527,0.017197618163537626,0.4471380722519783,-0.015931754053253866,0.6176473151498353
105.0,1.4,0.5823658049169669,0.01649779696016502,0.46193831488462045,-0.015591962794409928,0.6696219678194537
105.0,1.5,0.590750394941828,0.01586352376856323,0.47590571305689694,-0.01528209952408098,0.7215784717730733
105.0,1.5999999999999999,0.5986517328607024,0.015284938686169175,0.4891180379574137,-0.014997614579233988,0.7734853069397023
105.0,1.7,0.6061284344415953,0.014754153017994952,0.5016412026118283,-0.014734870872314999,0.8253150700306345
105.0,1.8,0.6132286731509206,0.014264769343394306,0.5135316963621951,-0.014490921788773556,0.8770437303204551
105.0,1.9,0.6199925339346608,0.013811537077681473,0.5248384089518959,-0.014263351665013982,0.9286500580336471
105.0,2.0,0.626453739845749,0.013390100543061181,0.5356040217224474,-0.014050159049322178,0.9801151777561438
107.5,0.1,0.15084633094039696,0.037004088815679716,0.07400817763135943,-0.022276688274712308,0.01460346914268096
107.5,0.2,0.25718612997104306,0.03606136986329299,0.14424547945317195,-0.023101260926124714,0.048787450615076874
107.5,0.3,0.3197166097248447,0.03263315442084438,0.1957989265250662,-0.0219665804983575,0.08947025986389677
107.5,0.4,0.36302466779225373,0.029661348637093028,0.23729078909674425,-0.020824538860796493,0.13349495654176916
107.5,0.5,0.3959296711192369,0.0272441077394948,0.272441077394948,-0.0198491631921109,0.17961230172215192
107.5,0.6,0.4224150447709051,0.02526308691124734,0.3031570429349681,-0.019029347778160465,0.22717134681349227
107.5,0.7,0.44457983318791505,0.0236109427141916,0.33055319799868244,-0.01833432724724534,0.27577772633687214
107.5,0.7999999999999999,0.4636528244754205,0.022208926673533212,0.3553428267765314,-0.017737230292092017,0.3251685955051108
107.5,0.8999999999999999,0.48041015900973616,0.021000749688707434,0.3780134943967338,-0.017217410062947205,0.3751568523421636
107.5,0.9999999999999999,0.4953710537582024,0.019945771257924984,0.3989154251584995,-0.016759364575854314,0.4256027637203656
107.5,1.0999999999999999,0.508898814705091,0.01901409529533457,0.41831009649736045,-0.016351410890569386,0.4763981015180003
107.5,1.2,0.5212570028939522,0.018183285411742904,0.4363988498818296,-0.015984638316192318,0.5274566167347874
107.5,1.3,0.5326425756211977,0.017436180077924326,0.4533406820260326,-0.015652153363610824,0.5787079901546022
107.5,1.4,0.5432064129648368,0.0167594218753413,0.46926381250955634,-0.015348546365662824,0.6300938135516279
107.5,1.5,0.5530665545068042,0.016142449629898047,0.4842734888969414,-0.015069514124537695,0.6815648188429948
107.5,1.5999999999999999,0.5623170312502936,0.015576794391687571,0.49845742053400227,-0.014811590311066445,0.7330789072645563
107.5,1.7,0.5710339332312536,0.015055578354669984,0.5118896640587794,-0.014571950347248284,0.784599709975953
107.5,1.8,0.57927968490267,0.014573151856567332,0.524633466836424,-0.014348268236176118,0.8360955125606937
107.5,1.9,0.5871061251506423,0.014124826059947122,0.5367433902779907,-0.014138610064066495,0.8875384353300413
107.5,2.0,0.5945567699608585,0.013706673097265004,0.5482669238906002,-0.01394135373559968,0.938903797616353
110.0,0.1,0.08131110204236841,0.023796560099249894,0.04759312019849979,-0.014121829120993842,0.007903112186255471
110.0,0.2,0.18165515113833824,0.029506021014384883,0.11802408405753953,-0.01853994370594295,0.03463500999168796
110.0,0.3,0.24877299085003207,0.028933133417670672,0.173598800506024,-0.019050867340973523,0.07001639375527208
110.0,0.4,0.29731670094186946,0.0273754521150958,0.21900361692076642,-0.018767637347370462,0.11000777670168464
110.0,0.5,0.3348873020997734,0.025757481221903546,0.2575748122190355,-0.018303038873424535,0.1529112944419246
110.0,0.6,0.3653796264841767,0.024271175818409308,0.2912541098209117,-0.017816034687427776,0.19783409966751317
110.0,0.7,0.39098363495381194,0.02294557094502649,0.32123799323037083,-0.017352507952745077,0.24423716992453173
110.0,0.7999999999999999,0.4130327029103781,0.021769525695487915,0.34831241112780664,-0.01692446461147516,0.29176391105453603
110.0,0.8999999999999999,0.4323911950398547,0.02072344060928098,0.37302193096705755,-0.016532823649597097,0.3401626518444141
110.0,0.9999999999999999,0.44964793063717595,0.01978802401940967,0.3957604803881933,-0.01617490424816877,0.38924704933993354
110.0,1.0999999999999999,0.4652203592904107,0.018946506843263555,0.4168231505517981,-0.015847076699351387,0.43887395785432
110.0,1.2,0.4794142785841725,0.01818489295696416,0.4364374309671397,-0.015545719595282925,0.48893017461250465
110.0,1.3,0.4924598858146538,0.017491651478688197,0.4547829384458932,-0.015267544068200528,0.5393240551804438
110.0,1.4,0.5045345056848567,0.01685729927704256,0.4720043797571918,-0.015009674442191208,0.5899799684775578
110.0,1.5,0.5157774532222917,0.01627401200098996,0.48822036002969876,-0.01476963664182542,0.6408344922204858
110.0,1.5999999999999999,0.5263000633680474,0.015735298250976634,0.5035295440312524,-0.014545315140711394,0.6918337203725862
110.0,1.7,0.5361926453039856,0.015235737512581006,0.5180150754277542,-0.014334902960289117,0.7429313065163713
110.0,1.8,0.5455294201659632,0.014770772692385694,0.531747816925885,-0.014136854208691875,0.7940870091703424
110.0,1.9,0.5543721009003834,0.014336546639756158,0.544788772310734,-0.01394984234430006,0.8452655885329499
110.0,2.0,0.5627725362003887,0.013929773207095188,0.5571909282838076,-0.013772724736550198,0.8964359549687138
112.5,0.1,0.03991841609389031,0.013602680855786226,0.027205361711572455,-0.00798670933276432,0.003892254706034625
112.5,0.2,0.12295731606311194,0.02275127124671197,0.09100508498684787,-0.014079048365068127,0.023543936156298864
112.5,0.3,0.18848195798680722,0.024650102074506637,0.14790061244703978,-0.015941157301390826,0.053310120006379476
112.5,0.4,0.2389149467037901,0.0245159467003668,0.1961275736029344,-0.016477159455298464,0.08887790888884636
112.5,0.5,0.27915134064007774,0.023767813410784933,0.23767813410784938,-0.016535756285265258,0.12819883619648315
112.5,0.6,0.3123580570414774,0.022847690130037547,0.2741722815604506,-0.016404067479268064,0.17015359247104006
112.5,0.7,0.34051527420167915,0.02190988508183441,0.30673839114568174,-0.016194401316696482,0.21405712499182683
112.5,0.7999999999999999,0.3649052315391452,0.021010312335207823,0.33616499736332517,-0.015955213291755133,0.25945446151184937
112.5,0.8999999999999999,0.3863932555873791,0.0201676868091561,0.36301836256480974,-0.0157086970990458,0.30602467427768926
112.5,0.9999999999999999,0.40558567788628336,0.019385865945232804,0.38771731890465594,-0.015465279641831102,0.3535307760443581
112.5,1.0999999999999999,0.42292136477729175,0.01866273483400078,0.410580166348017,-0.015229784790690143,0.4017913859963842
112.5,1.2,0.4387269058402448,0.017993943335047023,0.4318546400411285,-0.015004257210958825,0.4506636515977359
112.5,1.3,0.45325118481119064,0.01737452280369367,0.45173759289603554,-0.014789331891499134,0.5000324107111968
112.5,1.4,0.4666877964872079,0.016799581784299696,0.47038828996039145,-0.014584927552381267,0.5498030159325825
112.5,1.5,0.4791900350823185,0.016264587550405836,0.48793762651217504,-0.01439060881385463,0.5998964120927318
112.5,1.5999999999999999,0.49088119084847054,0.01576545856714764,0.5044946741487246,-0.014205779148625248,0.6502456562619797
112.5,1.7,0.5018617951166587,0.01529857148384148,0.5201514304506103,-0.014029784480585075,0.7007933931393872
112.5,1.8,0.5122148277526705,0.014860731456766842,0.5349863324436064,-0.013861968393426577,0.7514899820090395
112.5,1.9,0.522009531769208,0.014449128977605188,0.5490669011489971,-0.013701700662202578,0.8022920795495031
112.5,2.0,0.5313042555610472,0.014061294087917205,0.5624517635166884,-0.013548390930413715,0.8531615488070262
115.0,0.1,0.017901812574558768,0.006966830249506379,0.01393366049901276,-0.004057169724983012,0.0017500179943504667
115.0,0.2,0.07985296726239483,0.01659828362723762,0.06639313450895049,-0.01014603299118637,0.015345812653420013
115.0,0.3,0.13915064521034765,0.020234469975302746,0.12140681985181645,-0.012892228349067062,0.03952616114093574
115.0,0.4,0.18846804180061016,0.02134664256825242,0.1707731405460194,-0.014109313003562524,0.07044565861198691
115.0,0.5,0.2294137860999078,0.021440495527980608,0.21440495527980613,-0.01464955572744954,0.10589887349229597
115.0,0.6,0.2640037119712746,0.021102359075386642,0.2532283089046397,-0.014864231664892587,0.1445967291130158
115.0,0.7,0.2937693028018782,0.020579997717221247,0.2881199680410974,-0.0149112654882928,0.18572573036956722
115.0,0.7999999999999999,0.31980523643015135,0.019985964729039157,0.3197754356646265,-0.01486794920642491,0.22873736232596165
115.0,0.8999999999999999,0.34289645442043193,0.01937388256546378,0.348729886178348,-0.01477475783666376,0.27324181751211307
115.0,0.9999999999999999,0.3636160858966211,0.01876982195004385,0.3753964390008769,-0.014654016060329119,0.3189502944022715
115.0,1.0999999999999999,0.38239150428128826,0.018186277402854664,0.4000981028628025,-0.014518527500085018,0.3656415525312217
115.0,1.2,0.3995479777285262,0.01762880427378211,0.4230913025707705,-0.014375845144938814,0.413141429555099
115.0,1.3,0.4153377625112916,0.017099335107351923,0.44458271279115,-0.014230507165033416,0.46130970437937113
115.0,1.4,0.42995983743452043,0.016597903482251795,0.46474129750305027,-0.014085263529218758,0.5100313376800564
115.0,1.5,0.4435735589635767,0.01612356682274032,0.48370700468220945,-0.013941775745798265,0.559210434800491
115.0,1.5999999999999999,0.45630829874954076,0.015674910316479548,0.5015971301273455,-0.013801029326107809,0.6087659650347009
115.0,1.7,0.46827037452432996,0.015250324792992336,0.5185110429617393,-0.013663583695026472,0.6586286506293064
115.0,1.8,0.47954812220574566,0.01484815958788101,0.5345337451637164,-0.013529727146068895,0.70873865666602
115.0,1.9,0.49021566780277964,0.014466804994698199,0.5497385897985315,-0.013399574782931026,0.7590438427954705
115.0,2.0,0.5003357740409056,0.014104734592846037,0.5641893837138415,-0.013273131405074058,0.8094984177131296
117.5,0.1,0.007360040201555181,0.0032205248667787753,0.006441049733557551,-0.0018634401030422356,0.0007210132850932163
117.5,0.2,0.04982961288083956,0.011499565159258884,0.04599826063703553,-0.006959058741957631,0.009605736358510347
117.5,0.3,0.10019044673911515,0.016043003301096606,0.09625801980657962,-0.010095064504638646,0.02856587303842706
117.5,0.4,0.14603826275835818,0.01810552905533362,0.14484423244266895,-0.01179810846539376,0.0548163023041599
117.5,0.5,0.18596858325311094,0.018936039062316737,0.18936039062316737,-0.012738604132440578,0.0862382695877464
117.5,0.6,0.220687739621575,0.019146987405797167,0.22976384886956602,-0.013264661946623868,0.12146449552299338
117.5,0.7,0.2511323995981154,0.019036307368492107,0.2665083031588895,-0.013553944404634725,0.15958995275905552
117.5,0.7999999999999999,0.2781094943043836,0.0187559238295442,0.3000947812727073,-0.01370167421804815,0.19998821178859746
117.5,0.8999999999999999,0.3022575274510909,0.018387018239768977,0.3309663283158416,-0.013761642122483927,0.2422072308155108
117.5,0.9999999999999999,0.3240724868381669,0.017974624938390207,0.359492498767804,-0.013765671428477663,0.28590901674326114
117.5,1.0999999999999999,0.3439404035101803,0.017544400320134504,0.38597680704295895,-0.013733335487440065,0.3308332255555191
117.5,1.2,0.36216446663830015,0.017111185538720118,0.4106684529292828,-0.0136770681897222,0.3767742675610991
117.5,1.3,0.3789855394919577,0.016683584902997897,0.4337732074779454,-0.013604981700116038,0.4235663483851215
117.5,1.4,0.3945972594009077,0.016266512486790025,0.4554623496301208,-0.013522485910738895,0.4710733608172734
117.5,1.5,0.40915710457775245,0.01586265674627536,0.4758797023882607,-0.013433253469843245,0.5191818501713137
117.5,1.5999999999999999,0.4227945475274458,0.015473346805597844,0.495147097779131,-0.013339813235916854,0.5677959903968265
117.5,1.7,0.4356171176845193,0.015099076895192845,0.5133686144365567,-0.013243925402700012,0.6168339136019584
117.5,1.8,0.44771495839453057,0.014739829897159563,0.5306338762977443,-0.013146824402100339,0.666224973840496
117.5,1.9,0.45916429089157446,0.014395279928895673,0.5470206372980355,-0.013049379560918176,0.7159076705032795
117.5,2.0,0.4700300768578859,0.014064920559179062,0.5625968223671626,-0.012952203367155982,0.7658280468704481
120.0,0.1,0.002784991146019916,0.0013527925129982023,0.0027055850259964046,-0.000778695417601326,0.00027330649649687005
120.0,0.2,0.029925325811893992,0.007591614427573298,0.030366457710293195,-0.004555962549932188,0.005784137808423553
120.0,0.3,0.07042169318602583,0.012313678025491659,0.07388206815294994,-0.007667046355640577,0.020144178882628747
120.0,0.4,0.11122883070520156,0.014984354490650558,0.11987483592520448,-0.009645761508709202,0.04190656420389974
120.0,0.5,0.14877059027843303,0.016396485860955292,0.1639648586095529,-0.010882244828645011,0.06927221902643713
120.0,0.6,0.18252833712050248,0.017086455073523056,0.20503746088227667,-0.011666228141145006,0.10090587081759786
120.0,0.7,0.212798498621869,0.017357378729986918,0.24300330221981686,-0.012169657614689725,0.13586289967101128
120.0,0.7999999999999999,0.2400446414167487,0.01738010223921659,0.2780816358274654,-0.012493625669783752,0.1734644674604402
120.0,0.8999999999999999,0.26471386841313144,0.017253582698106555,0.31056448856591795,-0.012699212345902074,0.21320927399393025
120.0,0.9999999999999999,0.28719163790512703,0.017036921138505086,0.3407384227701016,-0.012824571359996196,0.25471686373951896
120.0,1.0999999999999999,0.3077983012797531,0.016766398008948514,0.3688607561968672,-0.012894306089184567,0.2976912665677861
120.0,1.2,0.326797184217876,0.01646479455880468,0.39515506941131223,-0.012924741230221155,0.3418971929447486
120.0,1.3,0.3444046285463832,0.016146666527233202,0.41981332970806334,-0.01292698312587001,0.38714403922893725
120.0,1.4,0.3607991140465926,0.015821425971156183,0.4429999271923731,-0.012908754521792465,0.4332748577424439
120.0,1.5,0.37612880232590246,0.015495196282415191,0.4648558884724557,-0.012875528219260794,0.4801585630641454
120.0,1.5999999999999999,0.3905175558227789,0.015171958629466476,0.48550267614292736,-0.01283124703259126,0.5276843011208041
120.0,1.7,0.4040696761234225,0.014854277188902419,0.5050454244226823,-0.01277879248168748,0.5757572981320518
120.0,1.8,0.4168736223695379,0.014543767396524443,0.52357562627488,-0.012720296780196384,0.6242957443680448
120.0,1.9,0.42900493504638276,0.014241403716731327,0.5411733412357904,-0.012657354711773403,0.67322841605139
120.0,2.0,0.4405285455758379,0.013947725081644949,0.5579090032657981,-0.012591170136670302,0.7224928334222683
122.5,0.1,0.0009738391004661132,0.0005195850459397604,0.001039170091879521,-0.0002978150377886733,9.570959209827292e-05
122.5,0.2,0.0173250982178255,0.004790516671904975,0.0191620666876199,-0.0028548331745058774,0.0033564309725460043
122.5,0.3,0.048368265352844934,0.009168752735812868,0.0550125164148772,-0.005657570545908035,0.013875762125631554
122.5,0.4,0.08332801657955724,0.012119860826212588,0.09695888660970071,-0.007719763944760443,0.03149933396760351
122.5,0.5,0.11751107015405454,0.01393710747291477,0.13937107472914773,-0.009141400669261652,0.0549189749697549
122.5,0.6,0.14943290698290507,0.015012350305870283,0.1801482036704434,-0.010119557821950658,0.08294022526055198
122.5,0.7,0.1787935639158929,0.01561523811473394,0.21861333360627516,-0.010799708830025347,0.11463845400174495
122.5,0.7999999999999999,0.2057023163763742,0.015915401944099596,0.25464643110559354,-0.011277532764307386,0.1493150512243641
122.5,0.8999999999999999,0.23039306017298983,0.016018951825037524,0.2883411328506754,-0.01161522132078566,0.18643777507426684
122.5,0.9999999999999999,0.2531198470876679,0.015993279810903323,0.3198655962180663,-0.011853773073049934,0.2255942418965123
122.5,1.0999999999999999,0.27412003844770194,0.015882051782632713,0.34940513921791955,-0.012020788331479635,0.26645902458197535
122.5,1.2,0.29360339256942625,0.01571412356823691,0.37713896563768573,-0.012135259248258588,0.30877077887208076
122.5,1.3,0.3117510377540035,0.015508904373023564,0.4032315136986127,-0.012210529674115884,0.35231623867637185
122.5,1.4,0.32871796763904604,0.015279647898395315,0.4278301411550688,-0.012256155933130055,0.3969188540557539
122.5,1.5,0.34463651273086854,0.015035516622085878,0.4510654986625762,-0.012279101227620492,0.44243058709929123
122.5,1.5999999999999999,0.3596197951929523,0.014782904772427078,0.4730529527176665,-0.012284518755412496,0.48872588519684634
122.5,1.7,0.3737648166123999,0.014526303537000558,0.49389432025801894,-0.012276275749591076,0.5356971800082148
122.5,1.8,0.38715509277844556,0.014268877522140979,0.5136795907970753,-0.012257310920350447,0.5832514733398984
122.5,1.9,0.39986285340213834,0.014012855381175431,0.5324885044846663,-0.012229882616467997,0.6313077099347787
122.5,2.0,0.41195086027647654,0.013759798595245693,0.5503919438098278,-0.012195743947964657,0.6797947287831845
125.0,0.1,0.0003159610891054562,0.0001835299649443884,0.0003670599298887768,-0.00010482353715928295,3.109196148521191e-05
125.0,0.2,0.009685949476015721,0.002897908768113015,0.011591635072452058,-0.0017166803966198205,0.001880263645745258
125.0,0.3,0.03249624902555553,0.006635850888398779,0.03981510533039266,-0.004062854412856041,0.009346300980761956
125.0,0.4,0.06144630125541659,0.009594580545425288,0.07675664436340232,-0.006055147114590534,0.023297007019238963
125.0,0.5,0.09169724033717308,0.011643035207559625,0.11643035207559625,-0.007557763202140477,0.04299765272693494
125.0,0.6,0.12114610473580639,0.012999272642245253,0.15599127170694305,-0.008663620811523552,0.06748404813084545
125.0,0.7,0.14900582934737472,0.013872197402029428,0.19421076362841197,-0.009478118982919214,0.09591035277034775
125.0,0.7999999999999999,0.1750588909806438,0.014413152279547415,0.23061043647275867,-0.010082448469041525,0.12759411764650774
125.0,0.8999999999999999,0.19932614637151935,0.014725355655897675,0.2650564018061582,-0.010534350978108798,0.1619940556494317
125.0,0.9999999999999999,0.22192212964817964,0.0148785805373503,0.2975716107470059,-0.010874282280575881,0.19867938498802729
125.0,1.0999999999999999,0.2429915098961959,0.014920342437137855,0.32824753361703274,-0.011130744561436074,0.23730372104925115
125.0,1.2,0.26268143063593097,0.014883412857706002,0.357201908584944,-0.011324074185570033,0.2775850814860467
125.0,1.3,0.28113003578686147,0.014790709997600456,0.38455845993761195,-0.011468998368676604,0.31929102531218595
125.0,1.4,0.2984623776810157,0.014658477166800415,0.4104373606704116,-0.011576344208115501,0.3622276567285811
125.0,1.5,0.31478966589002033,0.014498368060293544,0.4349510418088063,-0.011654187450122368,0.40623144217078644
125.0,1.5999999999999999,0.3302099657953731,0.014318833694459864,0.45820267822271565,-0.011708633705190713,0.45116306032084375
125.0,1.7,0.3448094548515337,0.01412605881160806,0.480285999594674,-0.011744357177834515,0.4969027265799153
125.0,1.8,0.35866381946316506,0.0139246036661178,0.501285731980241,-0.011764977625371698,0.5433465960133592
125.0,1.9,0.3718396046691647,0.01371785028018286,0.5212783106469486,-0.011773327936398284,0.5904039634845445
125.0,2.0,0.3843954400400734,0.01350831698431214,0.5403326793724856,-0.011771646701980425,0.637995059744171
127.5,0.1,9.549825792266818e-05,5.9937802382648306e-05,0.00011987560476529661,-3.413134517075906e-05,9.407610215947972e-06
127.5,0.2,0.005238186670006611,0.0016850266583724918,0.006740106633489967,-0.0009930729232494433,0.001018651412461935
127.5,0.3,0.021378183843053167,0.004676577081066065,0.02805946248639639,-0.002843906346992138,0.006162624026335038
127.5,0.4,0.04463145428805742,0.007444099629526902,0.059552797036215216,-0.004660024844762707,0.016967131394640615
127.5,0.5,0.07072651859962385,0.00956985192522446,0.09569851925224462,-0.006155105572983826,0.03326431490942046
127.5,0.6,0.0972980458094207,0.01110350115435866,0.13324201385230394,-0.007325628987643076,0.05437852195415879
127.5,0.7,0.12321788068836348,0.012179124374180993,0.1705077412385339,-0.008231088947578529,0.07959316274419505
127.5,0.7999999999999999,0.14799740984464876,0.012917462735460105,0.20667940376736169,-0.008932121481913875,0.1082770870090469
127.5,0.8999999999999999,0.1714630227375582,0.013410443871296607,0.2413879896833389,-0.009477614262948415,0.13990327770903296
127.5,0.9999999999999999,0.19359325460127175,0.013724804092514179,0.2744960818502835,-0.009904521893382947,0.1740379345163878
127.5,1.0999999999999999,0.2144377531959767,0.013908442629786561,0.30598573785530425,-0.01024029152170224,0.21032393348208112
127.5,1.2,0.2340767418086716,0.013995812769758757,0.33589950647421013,-0.01050530284957175,0.24846551667406502
127.5,1.3,0.25260071305941817,0.014011883486631014,0.3643089706524064,-0.010714791020591079,0.2882157265492805
127.5,1.4,0.2701003910751106,0.0139749224903575,0.39129782973001004,-0.010880256080700675,0.3293665119875889
127.5,1.5,0.2866619762349966,0.013898427207929553,0.4169528162378866,-0.011010471920592742,0.3717410428291318
127.5,1.5999999999999999,0.30236512517559583,0.013792465821706254,0.44135890629460023,-0.011112205152602944,0.4151877492348233
127.5,1.7,0.3172823401120908,0.013664615026438152,0.46459691089889715,-0.01119072926480589,0.45957567996461685
127.5,1.8,0.33147906742320643,0.013520622053278405,0.48674239391802265,-0.011250195213772908,0.5047908632537147
127.5,1.9,0.3450141329636479,0.01336487699860432,0.5078653259469641,-0.011293901101459279,0.5507334308784736
127.5,2.0,0.35794031599777054,0.01320075346807424,0.5280301387229698,-0.01132449043527548,0.597315326104281
130.0,0.1,2.6993103474776515e-05,1.8188123967321196e-05,3.63762479346424e-05,-1.0330698750727346e-05,2.661605011024838e-06
130.0,0.2,0.002744873606721324,0.0009441246631921392,0.0037764986527685568,-0.0005539464322181816,0.0005346206048483368
130.0,0.3,0.013785248809863811,0.003214616398208254,0.01928769838924952,-0.0019432568732921044,0.003981928746598046
130.0,0.4,0.03195464086987923,0.005667642938448533,0.045341143507588264,-0.0035225881917564632,0.01217728818411221
130.0,0.5,0.05394955835581404,0.007746919988875043,0.07746919988875044,-0.00494196190510053,0.025443209758668477
130.0,0.6,0.07744852314521214,0.00936352755922587,0.11236233071071045,-0.006121918214119021,0.04341535635699224
130.0,0.7,0.10113774478271981,0.010574948433184198,0.1480492780645788,-0.007077136397057266,0.06554311376046867
130.0,0.7999999999999999,0.12432977996991224,0.011464401609134343,0.18343042574614948,-0.007844832147296522,0.0912773459098179
130.0,0.8999999999999999,0.14668856567729838,0.012106414368452244,0.2179154586321404,-0.00846208172575581,0.12012785211787591
130.0,0.9999999999999999,0.16806968271096828,0.012560215821991355,0.251204316439827,-0.008960032690887144,0.1516737535551072
130.0,1.0999999999999999,0.1884319363923046,0.012870988863662287,0.2831617550005702,-0.009363410640408848,0.18555836442368986
130.0,1.2,0.20778874650832707,0.01307274895296622,0.3137459748711892,-0.00969146072752779,0.2214800099890559
130.0,1.3,0.22618131122671842,0.013191065348921534,0.34296769907195995,-0.009959095640872363,0.25918277817486746
130.0,1.4,0.24366372963898775,0.013245230661224862,0.37086645851429617,-0.01017789966659966,0.2984484288978929
130.0,1.5,0.26029476731858847,0.013249890926124849,0.3974967277837454,-0.010356923648861007,0.3390896839827894
130.0,1.5999999999999999,0.2761333566491061,0.013216243300164104,0.4229197856052514,-0.010503290702833887,0.380944782880495
130.0,1.7,0.29123621683569634,0.013152910305905617,0.44719895040079094,-0.01062265109753914,0.4238731004030252
130.0,1.8,0.3056566827315996,0.01306657860606819,0.4703968298184548,-0.01071952269772494,0.4677516228441474
130.0,1.9,0.3194442215978117,0.01296246796281089,0.4925737825868137,-0.010797546301478668,0.5124721068414637
130.0,2.0,0.33264433658450165,0.012844677835576144,0.5137871134230457,-0.010859678116442577,0.5579387781545249
