Date,Open,High,Low,Close,Adj Close,Volume
21/05/2018,78.110001,78.309998,78.010002,78.169998,78.169998,56375
22/05/2018,78.050003,78.050003,77.470001,77.629997,77.629997,51330
23/05/2018,77.779999,77.849998,77.470001,77.589996,77.589996,47428
24/05/2018,77.419998,77.599998,77.290001,77.540001,77.540001,61013
25/05/2018,77.410004,77.599998,77.269997,77.580002,77.580002,67277
28/05/2018,77.43,77.43,77.050003,77.190002,77.190002,69393
29/05/2018,77.209999,77.459999,77.110001,77.309998,77.309998,50545
30/05/2018,76.75,76.970001,76.68,76.949997,76.949997,59186
31/05/2018,77.510002,77.540001,77.190002,77.349998,77.349998,205522
1/06/2018,77.089996,77.120003,76.790001,77.099998,77.099998,41211
4/06/2018,77.559998,77.669998,77.360001,77.410004,77.410004,32616
5/06/2018,77.209999,77.290001,76.919998,77.150002,77.150002,49228
6/06/2018,77.370003,77.550003,77.269997,77.550003,77.550003,62890
7/06/2018,77.599998,78.120003,77.550003,77.989998,77.989998,62494
8/06/2018,77.879997,77.980003,77.690002,77.760002,77.760002,43080
12/06/2018,77.980003,78.019997,77.75,77.889999,77.889999,54967
13/06/2018,77.889999,77.900002,77.290001,77.389999,77.389999,96911
14/06/2018,77.300003,77.610001,77.199997,77.389999,77.389999,43177
15/06/2018,77.959999,78.5,77.959999,78.410004,78.410004,144359
18/06/2018,78.410004,78.650002,78.269997,78.459999,78.459999,127057
19/06/2018,78.860001,79.040001,78.489998,78.489998,78.489998,119004
20/06/2018,79.050003,79.379997,78.830002,79.379997,79.379997,54670
21/06/2018,79.93,80.339996,79.849998,80.150002,80.150002,85912
22/06/2018,79.910004,80.290001,79.900002,79.949997,79.949997,74218
25/06/2018,80.18,80.339996,79.760002,79.800003,79.800003,109163
26/06/2018,79.239998,79.730003,79.239998,79.660004,79.660004,62103
27/06/2018,79.889999,79.889999,79.57,79.639999,79.639999,47216
28/06/2018,79.599998,80.080002,79.57,80.029999,80.029999,69605
29/06/2018,80.230003,80.230003,79.760002,79.760002,79.760002,34433
2/07/2018,79.040001,79.040001,78.57,78.57,78.57,47715
3/07/2018,78.860001,79.089996,78.599998,78.970001,78.970001,47446
4/07/2018,78.889999,78.910004,78.489998,78.599998,78.599998,51064
5/07/2018,78.809998,79.040001,78.720001,79,79,35298
6/07/2018,79.199997,79.75,79.089996,79.75,79.75,45799
9/07/2018,79.93,80.080002,79.790001,79.870003,79.870003,52433
10/07/2018,80.169998,80.169998,79.510002,79.510002,79.510002,71207
11/07/2018,79.529999,79.529999,78.93,78.989998,78.989998,30834
12/07/2018,79.139999,79.830002,79.139999,79.669998,79.669998,26387
13/07/2018,79.790001,79.889999,79.410004,79.650002,79.650002,53302
16/07/2018,79.650002,79.669998,79.239998,79.279999,79.279999,73177
17/07/2018,79.089996,79.279999,78.769997,78.809998,78.809998,116396
18/07/2018,79.239998,79.489998,79.190002,79.349998,79.349998,33198
19/07/2018,79.440002,79.739998,79.300003,79.519997,79.519997,94346
20/07/2018,79.529999,80,79.489998,79.839996,79.839996,79711
23/07/2018,79.5,79.5,79.07,79.110001,79.110001,55383
24/07/2018,79.410004,79.629997,79.400002,79.610001,79.610001,28046
25/07/2018,79.650002,79.669998,79.239998,79.339996,79.339996,53413
26/07/2018,79.360001,79.449997,78.93,79.360001,79.360001,82303
27/07/2018,79.739998,80.099998,79.739998,80.07,80.07,48353
30/07/2018,79.68,79.800003,79.489998,79.660004,79.660004,200704
31/07/2018,79.849998,80.040001,79.660004,79.769997,79.769997,145131
1/08/2018,80,80,79.620003,79.709999,79.709999,96248
2/08/2018,79.769997,79.779999,79.290001,79.290001,79.290001,197708
3/08/2018,79.660004,79.730003,79.209999,79.25,79.25,89473
6/08/2018,79.580002,79.900002,79.480003,79.709999,79.709999,37364
7/08/2018,79.599998,79.639999,79.339996,79.43,79.43,43772
8/08/2018,79.540001,79.779999,79.440002,79.599998,79.599998,42814
9/08/2018,79.760002,80.220001,79.580002,80.029999,80.029999,31077
10/08/2018,80.190002,80.190002,79.730003,79.730003,79.730003,23211
13/08/2018,79.5,79.610001,79.269997,79.43,79.43,39853
14/08/2018,79.660004,80.190002,79.660004,80.120003,80.120003,93176
15/08/2018,80.089996,80.660004,80.019997,80.660004,80.660004,69458
16/08/2018,80.230003,80.669998,80.050003,80.669998,80.669998,138515
17/08/2018,80.519997,80.800003,80.449997,80.800003,80.800003,53100
20/08/2018,81.029999,81.080002,80.900002,80.940002,80.940002,96317
21/08/2018,80.970001,80.980003,80.089996,80.220001,80.220001,107626
22/08/2018,80,80.050003,79.779999,79.949997,79.949997,64242
23/08/2018,80.239998,80.239998,79.800003,79.839996,79.839996,73742
24/08/2018,80.07,80.199997,79.75,79.900002,79.900002,60688
27/08/2018,79.910004,80.169998,79.699997,80.139999,80.139999,55098
28/08/2018,80.589996,80.82,80.43,80.699997,80.699997,53794
29/08/2018,80.699997,81.300003,80.620003,81.300003,81.300003,68414
30/08/2018,81.559998,81.610001,81.300003,81.300003,81.300003,35972
31/08/2018,81.260002,81.300003,80.919998,80.919998,80.919998,58648
3/09/2018,81.199997,81.199997,80.860001,80.860001,80.860001,50771
4/09/2018,80.860001,80.860001,80.360001,80.589996,80.589996,130235
5/09/2018,80.540001,80.540001,79.839996,79.839996,79.839996,83295
6/09/2018,79.639999,79.709999,78.949997,79.050003,79.050003,90269
7/09/2018,78.620003,78.889999,78.349998,78.889999,78.889999,79973
10/09/2018,78.68,79.010002,78.650002,78.879997,78.879997,86185
11/09/2018,78.959999,79.470001,78.949997,79.440002,79.440002,39152
12/09/2018,79.279999,79.43,79.050003,79.389999,79.389999,54985
13/09/2018,79.25,79.379997,78.800003,78.809998,78.809998,40663
14/09/2018,79.040001,79.459999,78.989998,79.379997,79.379997,37312
17/09/2018,79.220001,79.720001,79.040001,79.599998,79.599998,46416
18/09/2018,79.220001,79.459999,79.129997,79.290001,79.290001,37985
19/09/2018,79.480003,79.739998,79.389999,79.68,79.68,32284
20/09/2018,79.470001,79.550003,79.260002,79.400002,79.400002,41349
21/09/2018,79.589996,79.860001,79.5,79.610001,79.610001,23929
24/09/2018,79.489998,79.760002,79.379997,79.669998,79.669998,51464
25/09/2018,79.519997,79.669998,79.339996,79.559998,79.559998,67725
26/09/2018,79.720001,79.900002,79.550003,79.690002,79.690002,24445
27/09/2018,79.480003,79.760002,79.480003,79.559998,79.559998,101172
28/09/2018,79.760002,80.220001,79.720001,80.010002,80.010002,166205
1/10/2018,78.32,78.370003,78.099998,78.309998,78.309998,90263
2/10/2018,78.470001,78.5,77.690002,77.790001,77.790001,62484
3/10/2018,77.870003,78.080002,77.790001,78.07,78.07,37496
4/10/2018,78.300003,78.690002,78.279999,78.43,78.43,55191
5/10/2018,78.190002,78.779999,78.110001,78.529999,78.529999,60031
8/10/2018,78.040001,78.040001,77.43,77.43,77.43,68802
9/10/2018,77.190002,77.239998,76.589996,76.699997,76.699997,76525
10/10/2018,76.75,76.870003,76.43,76.790001,76.790001,57014
11/10/2018,75.25,75.540001,74.699997,74.720001,74.720001,192441
12/10/2018,74,74.889999,73.959999,74.739998,74.739998,149882
15/10/2018,74.089996,74.290001,73.510002,74.099998,74.099998,231292
16/10/2018,74.169998,74.68,74.169998,74.550003,74.550003,175546
17/10/2018,75.110001,75.410004,75.029999,75.379997,75.379997,131382
18/10/2018,75.400002,75.410004,75.040001,75.389999,75.389999,81261
19/10/2018,74.870003,75.419998,74.68,75.419998,75.419998,73984
22/10/2018,74.959999,75.089996,74.699997,74.93,74.93,77984
23/10/2018,74.900002,74.940002,74.18,74.18,74.18,131393
24/10/2018,74.150002,74.339996,73.889999,73.959999,73.959999,102517
25/10/2018,72.779999,72.900002,71.830002,71.830002,71.830002,301105
26/10/2018,72.169998,72.279999,71.349998,71.900002,71.900002,278009
29/10/2018,72.290001,72.790001,72.190002,72.68,72.68,131604
30/10/2018,72.279999,73.599998,72.150002,73.599998,73.599998,182337
31/10/2018,73.629997,73.959999,73.379997,73.959999,73.959999,166995
1/11/2018,74.279999,74.5,73.800003,74.07,74.07,97402
2/11/2018,73.900002,74.18,73.639999,74.18,74.18,143389
5/11/2018,73.830002,74.290001,73.760002,73.830002,73.830002,53104
6/11/2018,73.949997,74.519997,73.93,74.480003,74.480003,38125
7/11/2018,74.5,74.849998,74.139999,74.849998,74.849998,82312
8/11/2018,75.169998,75.43,75.110001,75.339996,75.339996,97663
9/11/2018,75.400002,75.5,74.93,75.279999,75.279999,81548
12/11/2018,75.019997,75.690002,74.959999,75.690002,75.690002,82488
13/11/2018,74.800003,74.809998,74.290001,74.43,74.43,117152
14/11/2018,74.339996,74.400002,73.050003,73.18,73.18,115929
15/11/2018,73.220001,73.389999,72.529999,72.970001,72.970001,78223
16/11/2018,73.300003,73.43,73.019997,73.07,73.07,87767
19/11/2018,72.839996,72.940002,72.470001,72.699997,72.699997,94598
20/11/2018,72.349998,72.440002,71.900002,72.389999,72.389999,73786
21/11/2018,71.480003,72.089996,71.379997,72,72,114841
22/11/2018,72.040001,72.639999,72.040001,72.620003,72.620003,58222
23/11/2018,72.540001,72.980003,72.419998,72.849998,72.849998,51044
26/11/2018,72.480003,72.690002,72.139999,72.370003,72.370003,100233
27/11/2018,72.800003,73.040001,72.309998,73.010002,73.010002,133246
28/11/2018,73.129997,73.209999,72.790001,73.040001,73.040001,59372
29/11/2018,73.410004,73.68,73.209999,73.400002,73.400002,89240
30/11/2018,73.169998,73.379997,72.260002,72.260002,72.260002,182403
3/12/2018,73.169998,73.629997,73.110001,73.599998,73.599998,138546
4/12/2018,73.470001,73.529999,72.900002,72.93,72.93,74733
5/12/2018,71.900002,72.379997,71.550003,72.339996,72.339996,58511
6/12/2018,72.459999,72.459999,71.720001,72.150002,72.150002,169038
7/12/2018,72.290001,72.800003,72.260002,72.519997,72.519997,106250
10/12/2018,71.610001,71.800003,70.790001,70.870003,70.870003,175031
11/12/2018,71.129997,71.32,70.82,71.089996,71.089996,275456
12/12/2018,71.330002,72.139999,71.239998,72.040001,72.040001,281806
13/12/2018,71.980003,72.449997,71.910004,72.160004,72.160004,145775
14/12/2018,71.919998,72.080002,71.25,71.419998,71.419998,91199
17/12/2018,71.279999,72.309998,71.25,72.209999,72.209999,115510
18/12/2018,71.480003,71.690002,71.129997,71.25,71.25,99575
19/12/2018,70.980003,71.239998,70.839996,71.230003,71.230003,261701
20/12/2018,70.839996,71.309998,70.199997,70.199997,70.199997,104564
21/12/2018,70.400002,70.639999,69.190002,69.629997,69.629997,195697
24/12/2018,69.019997,70.080002,68.900002,70.029999,70.029999,55629
27/12/2018,70.900002,71.330002,70.699997,71.190002,71.190002,160208
28/12/2018,71.559998,72.029999,71.5,72.029999,72.029999,108109
31/12/2018,72.580002,72.82,72.120003,72.129997,72.129997,49410
2/01/2019,71.440002,71.809998,70.199997,70.260002,70.260002,77980
3/01/2019,70.760002,71.480003,70.639999,71.349998,71.349998,44357
4/01/2019,70.82,71,70.440002,71,71,46418
7/01/2019,71.889999,72.300003,71.800003,71.879997,71.879997,53620
8/01/2019,71.849998,72.529999,71.650002,72.389999,72.389999,107408
9/01/2019,72.599998,73.150002,72.599998,73.080002,73.080002,90740
10/01/2019,73.370003,73.5,72.800003,73.330002,73.330002,83180
11/01/2019,73.43,73.449997,72.989998,72.989998,72.989998,48092
14/01/2019,73.220001,73.32,72.809998,73,73,66674
15/01/2019,73.150002,73.540001,73.010002,73.540001,73.540001,59368
16/01/2019,73.5,73.800003,73.489998,73.800003,73.800003,52881
17/01/2019,74.010002,74.089996,73.75,74.019997,74.019997,41578
18/01/2019,74.290001,74.5,74.220001,74.339996,74.339996,52958
21/01/2019,74.690002,74.809998,74.470001,74.470001,74.470001,59385
22/01/2019,74.379997,74.449997,74.029999,74.120003,74.120003,68257
23/01/2019,73.949997,74.18,73.800003,73.940002,73.940002,62556
24/01/2019,73.959999,74.25,73.849998,74.25,74.25,43801
25/01/2019,74.400002,74.839996,74.32,74.75,74.75,61612
29/01/2019,74.580002,74.580002,74.099998,74.220001,74.220001,71281
30/01/2019,74.610001,74.75,74.18,74.440002,74.440002,102755
31/01/2019,74.669998,74.779999,74.290001,74.290001,74.290001,59000
1/02/2019,74.32,74.410004,74.059998,74.169998,74.169998,87510
4/02/2019,74.160004,74.610001,73.949997,74.540001,74.540001,88151
5/02/2019,75.290001,76.410004,75.269997,75.900002,75.900002,172973
6/02/2019,76,76.410004,75.769997,76.190002,76.190002,35295
7/02/2019,76.650002,77.209999,76.559998,77.089996,77.089996,60473
8/02/2019,76.870003,77.059998,76.57,76.739998,76.739998,82911
11/02/2019,76.800003,76.940002,76.239998,76.540001,76.540001,86572
12/02/2019,76.610001,77.080002,76.580002,76.910004,76.910004,70120
13/02/2019,77.269997,77.269997,76.75,76.809998,76.809998,70362
14/02/2019,76.75,77.300003,76.75,76.940002,76.940002,66628
15/02/2019,76.809998,77.089996,76.739998,77.080002,77.080002,58419
18/02/2019,77.540001,77.75,77.199997,77.75,77.75,47538
19/02/2019,77.370003,77.970001,77.370003,77.5,77.5,64565
20/02/2019,77.580002,77.779999,77.150002,77.410004,77.410004,166149
21/02/2019,77.629997,78.169998,77.220001,77.959999,77.959999,46347
22/02/2019,78.019997,78.5,77.900002,78.370003,78.370003,161424
25/02/2019,78.690002,78.690002,78.290001,78.5,78.5,35810
26/02/2019,78.470001,78.470001,77.68,77.980003,77.980003,115935
27/02/2019,78.230003,78.449997,78.059998,78.339996,78.339996,49830
28/02/2019,78.599998,78.690002,78.209999,78.519997,78.519997,105689
1/03/2019,78.699997,79.209999,78.699997,79.050003,79.050003,129857
4/03/2019,79.400002,79.610001,79.32,79.32,79.32,58489
5/03/2019,78.980003,79.260002,78.800003,79.089996,79.089996,1247335
6/03/2019,79.239998,79.75,79.199997,79.699997,79.699997,69182
7/03/2019,80.18,80.25,79.980003,80.139999,80.139999,127580
8/03/2019,79.860001,79.870003,79.360001,79.360001,79.360001,83895
11/03/2019,79.129997,79.290001,79,79.120003,79.120003,76830
12/03/2019,79.650002,79.68,79.050003,79.050003,79.050003,103866
13/03/2019,78.970001,79.239998,78.470001,79.239998,79.239998,150734
14/03/2019,79.230003,79.230003,78.849998,79.099998,79.099998,40315
15/03/2019,79.480003,79.480003,79.050003,79.199997,79.199997,45096
18/03/2019,79.339996,79.480003,79.019997,79.300003,79.300003,52831
19/03/2019,79.57,79.57,79.099998,79.239998,79.239998,42717
20/03/2019,79.220001,79.279999,78.900002,78.989998,78.989998,136290
21/03/2019,78.910004,79.110001,78.599998,79.010002,79.010002,51520
22/03/2019,79.449997,79.839996,79.339996,79.370003,79.370003,62358
25/03/2019,78.730003,78.800003,78.330002,78.480003,78.480003,75863
26/03/2019,78.470001,78.690002,78.379997,78.519997,78.519997,102722
27/03/2019,78.449997,78.580002,78.150002,78.580002,78.580002,36028
28/03/2019,78.470001,79.120003,78.339996,79.120003,79.120003,46772
29/03/2019,79.279999,79.599998,79.199997,79.199997,79.199997,46712
1/04/2019,78.720001,79.019997,78.690002,78.720001,78.720001,48988
2/04/2019,79.019997,79.849998,79,79.080002,79.080002,74960
3/04/2019,79.5,79.68,79.279999,79.550003,79.550003,52910
4/04/2019,79.379997,79.379997,78.779999,78.879997,78.879997,87593
5/04/2019,78.68,78.699997,78.129997,78.290001,78.290001,39688
8/04/2019,78.629997,78.830002,78.5,78.830002,78.830002,91291
9/04/2019,78.989998,78.989998,78.660004,78.790001,78.790001,44155
10/04/2019,78.599998,79,78.529999,78.830002,78.830002,48941
11/04/2019,78.690002,78.720001,78.349998,78.589996,78.589996,51640
12/04/2019,78.900002,79.209999,78.900002,79.199997,79.199997,60790
15/04/2019,79.279999,79.330002,79.029999,79.129997,79.129997,89401
16/04/2019,79.059998,79.660004,79,79.519997,79.519997,58847
17/04/2019,79.5,79.699997,79.220001,79.309998,79.309998,39178
18/04/2019,79.879997,79.900002,79.190002,79.300003,79.300003,50324
23/04/2019,79.589996,80.139999,79.559998,80.139999,80.139999,61330
24/04/2019,80.550003,81.029999,80.5,80.830002,80.830002,81325
26/04/2019,80.93,81,80.639999,80.900002,80.900002,71952
29/04/2019,80.809998,80.839996,80.410004,80.599998,80.599998,69094
30/04/2019,80.459999,80.459999,80.07,80.190002,80.190002,81242
1/05/2019,80.5,80.879997,80.470001,80.800003,80.800003,121742
2/05/2019,80.410004,80.480003,80.150002,80.339996,80.339996,44179
3/05/2019,80.370003,80.559998,80.239998,80.349998,80.349998,56091
6/05/2019,79.650002,79.989998,79.18,79.620003,79.620003,63019
7/05/2019,79.989998,80.379997,79.730003,79.790001,79.790001,61164
8/05/2019,79.160004,79.529999,79.080002,79.459999,79.459999,47352
9/05/2019,79.339996,79.879997,79.339996,79.849998,79.849998,59706
10/05/2019,79.68,80.089996,79.650002,80.019997,80.019997,64526
13/05/2019,79.949997,80.040001,79.790001,80.019997,80.019997,60538
14/05/2019,79.199997,79.410004,78.900002,79.389999,79.389999,56744
15/05/2019,79.589996,80.07,79.379997,80,80,44386
16/05/2019,80.190002,80.629997,79.980003,80.629997,80.629997,47321
17/05/2019,81.440002,81.589996,81.07,81.129997,81.129997,53865
20/05/2019,82.139999,82.550003,82.050003,82.529999,82.529999,130703
21/05/2019,82.190002,82.830002,82.099998,82.830002,82.830002,119139
22/05/2019,82.809998,82.959999,82.529999,82.93,82.93,239697
23/05/2019,82.75,82.889999,82.550003,82.779999,82.779999,42297
24/05/2019,82.300003,82.360001,82.050003,82.25,82.25,79142
27/05/2019,82.300003,82.400002,82.169998,82.230003,82.230003,60990
28/05/2019,82.389999,82.769997,82.389999,82.599998,82.599998,58868
29/05/2019,82.050003,82.099998,81.769997,82.099998,82.099998,64728
30/05/2019,81.580002,81.699997,81.360001,81.440002,81.440002,71376
31/05/2019,81.269997,81.610001,81.129997,81.419998,81.419998,79207
3/06/2019,81.110001,81.150002,80.580002,80.580002,80.580002,134319
4/06/2019,80.660004,80.889999,80.519997,80.760002,80.760002,66719
5/06/2019,81.529999,81.559998,81,81.07,81.07,71171
6/06/2019,81.25,81.660004,81.25,81.449997,81.449997,55663
7/06/2019,81.860001,82.110001,81.669998,82.110001,82.110001,66317
11/06/2019,82.660004,83.449997,82.660004,83.449997,83.449997,85474
12/06/2019,83.57,83.989998,83.389999,83.389999,83.389999,65236
13/06/2019,83.610001,83.68,83.300003,83.449997,83.449997,59647
14/06/2019,83.5,83.599998,83.300003,83.540001,83.540001,64546
17/06/2019,83.470001,83.57,83.190002,83.279999,83.279999,77886
18/06/2019,83.279999,83.809998,83.269997,83.709999,83.709999,54758
19/06/2019,84.360001,84.760002,84.360001,84.760002,84.760002,63162
20/06/2019,84.889999,85.209999,84.650002,85.209999,85.209999,82243
21/06/2019,85.150002,85.290001,84.620003,84.730003,84.730003,67096
24/06/2019,84.629997,84.949997,84.370003,84.949997,84.949997,82192
25/06/2019,84.75,85.190002,84.75,84.910004,84.910004,85857
26/06/2019,84.519997,84.870003,84.510002,84.669998,84.669998,82426
27/06/2019,84.519997,85.07,84.349998,85.019997,85.019997,73064
28/06/2019,84.949997,85.059998,84.580002,84.599998,84.599998,95717
1/07/2019,84.440002,84.440002,84.040001,84.139999,84.139999,80154
2/07/2019,84.330002,84.550003,84.019997,84.080002,84.080002,125473
3/07/2019,84.160004,84.690002,84,84.559998,84.559998,64057
4/07/2019,84.940002,85.160004,84.900002,85.010002,85.010002,58350
5/07/2019,85.199997,85.650002,85.010002,85.410004,85.410004,64399
8/07/2019,85.230003,85.230003,84.400002,84.510002,84.510002,86718
9/07/2019,84.290001,84.510002,84.010002,84.300003,84.300003,83958
10/07/2019,84.629997,85,84.540001,84.620003,84.620003,91043
11/07/2019,84.580002,85.160004,84.580002,84.989998,84.989998,162772
12/07/2019,84.760002,84.989998,84.610001,84.720001,84.720001,84527
15/07/2019,84.269997,84.449997,83.980003,84.209999,84.209999,113410
16/07/2019,84.239998,84.300003,84.040001,84.040001,84.040001,72860
17/07/2019,83.889999,84.5,83.830002,84.440002,84.440002,69096
18/07/2019,84.330002,84.370003,83.900002,84.099998,84.099998,57102
19/07/2019,84.209999,84.860001,84.160004,84.849998,84.849998,63358
22/07/2019,84.699997,84.970001,84.470001,84.639999,84.639999,92408
23/07/2019,84.860001,85.199997,84.800003,85.07,85.07,82742
24/07/2019,85.510002,85.879997,85.510002,85.739998,85.739998,65504
25/07/2019,85.959999,86.269997,85.790001,86.230003,86.230003,101557
26/07/2019,86.07,86.209999,85.800003,85.989998,85.989998,93042
29/07/2019,86.199997,86.519997,86.099998,86.419998,86.419998,94108
30/07/2019,86.839996,87.040001,86.620003,86.650002,86.650002,84429
31/07/2019,86.379997,86.57,86.279999,86.279999,86.279999,59212
1/08/2019,85.860001,86.160004,85.790001,85.940002,85.940002,65510
2/08/2019,85.720001,85.720001,85.370003,85.650002,85.650002,82890
5/08/2019,85.57,85.599998,84.290001,84.419998,84.419998,89877
6/08/2019,81.809998,82.449997,81.529999,82,82,165315
7/08/2019,81.809998,82.629997,81.699997,82.489998,82.489998,245648
8/08/2019,82.080002,83.18,81.800003,83.18,83.18,213935
9/08/2019,83.449997,83.550003,83.099998,83.43,83.43,90562
12/08/2019,83.120003,83.480003,83.010002,83.480003,83.480003,71212
13/08/2019,83.160004,83.540001,83.029999,83.260002,83.260002,86863
14/08/2019,83.82,83.93,83.300003,83.93,83.93,68136
15/08/2019,82.339996,82.379997,81.339996,81.400002,81.400002,169871
16/08/2019,81.309998,81.599998,81.160004,81.339996,81.339996,108661
19/08/2019,82.110001,82.349998,81.949997,82.220001,82.220001,77802
20/08/2019,82.410004,83.230003,82.349998,83.230003,83.230003,87396
21/08/2019,82.650002,82.779999,82.199997,82.419998,82.419998,74707
22/08/2019,82.980003,83.040001,82.690002,82.709999,82.709999,67294
23/08/2019,82.690002,83.120003,82.610001,82.989998,82.989998,39519
26/08/2019,81.709999,82.019997,81.639999,82.019997,82.019997,152643
27/08/2019,82.190002,82.599998,82,82.410004,82.410004,118474
28/08/2019,82.440002,82.860001,82.400002,82.860001,82.860001,68622
29/08/2019,83,83.080002,82.550003,82.959999,82.959999,60142
30/08/2019,83.68,84.400002,83.589996,84.269997,84.269997,76688
2/09/2019,84,84.300003,83.730003,84.120003,84.120003,80158
3/09/2019,83.779999,84.18,83.699997,83.809998,83.809998,81655
4/09/2019,83.290001,83.650002,83.089996,83.589996,83.589996,65487
5/09/2019,84.139999,84.860001,84.080002,84.720001,84.720001,99086
6/09/2019,85.010002,85.290001,84.940002,85.169998,85.169998,50344
9/09/2019,84.989998,85.32,84.989998,85.169998,85.169998,66286
10/09/2019,85.099998,85.099998,84.57,84.830002,84.830002,104503
11/09/2019,85,85.160004,84.879997,84.93,84.93,36703
12/09/2019,85.650002,85.779999,85.190002,85.279999,85.279999,49097
13/09/2019,85.559998,85.669998,85.349998,85.489998,85.489998,71482
16/09/2019,85.260002,85.629997,85.220001,85.559998,85.559998,101169
17/09/2019,85.389999,85.860001,85.290001,85.860001,85.860001,96044
18/09/2019,85.940002,85.980003,85.580002,85.629997,85.629997,129087
19/09/2019,86.18,86.550003,86,86.230003,86.230003,170209
20/09/2019,86.550003,86.970001,86.279999,86.279999,86.279999,430792
23/09/2019,86.940002,86.940002,86.599998,86.599998,86.599998,527774
24/09/2019,86.599998,86.790001,86.540001,86.580002,86.580002,220632
25/09/2019,86.550003,86.800003,85.849998,86.050003,86.050003,460738
26/09/2019,86.230003,86.25,85.5,85.639999,85.639999,249042
27/09/2019,85.970001,86.25,85.940002,86.160004,86.160004,82634
30/09/2019,86.889999,86.889999,86.010002,86.080002,86.080002,166816
1/10/2019,85,85.5,84.75,85.5,85.5,155562
2/10/2019,85.800003,85.800003,84.139999,84.160004,84.160004,280317
3/10/2019,83,83,82.040001,82.330002,82.330002,329377
4/10/2019,82.470001,82.82,82.269997,82.639999,82.639999,359591
7/10/2019,83.050003,83.239998,82.860001,83.160004,83.160004,144067
8/10/2019,83.559998,83.720001,83.459999,83.599998,83.599998,131796
9/10/2019,82.959999,83.089996,82.610001,82.949997,82.949997,176096
10/10/2019,82.93,83.389999,82.800003,83.389999,83.389999,312305
11/10/2019,83.800003,83.889999,83.540001,83.769997,83.769997,138292
14/10/2019,84.309998,84.660004,84.160004,84.160004,84.160004,209773
15/10/2019,83.949997,84.389999,83.940002,84.32,84.32,85007
16/10/2019,84.980003,85.410004,84.839996,85.379997,85.379997,75341
17/10/2019,85.449997,85.480003,84.660004,84.730003,84.730003,83944
18/10/2019,84.440002,84.550003,84.059998,84.25,84.25,175690
21/10/2019,84.25,84.279999,83.800003,84.279999,84.279999,120996
22/10/2019,84.5,84.690002,84.199997,84.57,84.57,202456
23/10/2019,84.419998,84.529999,84.07,84.529999,84.529999,317978
24/10/2019,85.120003,85.139999,84.800003,84.82,84.82,180239
25/10/2019,85.290001,85.440002,85.239998,85.389999,85.389999,82316
28/10/2019,85.690002,85.739998,85.400002,85.419998,85.419998,159172
29/10/2019,85.639999,85.660004,85.309998,85.410004,85.410004,150451
30/10/2019,85.160004,85.220001,84.599998,84.75,84.75,262933
31/10/2019,84.720001,84.720001,84.110001,84.410004,84.410004,220490
1/11/2019,84.25,84.57,84.089996,84.559998,84.559998,206694
4/11/2019,84.839996,85.059998,84.529999,84.610001,84.610001,149409
5/11/2019,85.169998,85.220001,84.650002,84.889999,84.889999,401309
6/11/2019,85,85.129997,84.370003,84.370003,84.370003,271496
7/11/2019,84.660004,85.300003,84.550003,85.269997,85.269997,168385
8/11/2019,85.309998,85.470001,84.980003,85.209999,85.209999,177095
11/11/2019,85.639999,85.949997,85.599998,85.949997,85.949997,165157
12/11/2019,86.080002,86.150002,85.580002,85.809998,85.809998,301537
13/11/2019,86,86.040001,85.129997,85.150002,85.150002,288083
14/11/2019,85.190002,85.889999,85.120003,85.709999,85.709999,156248
15/11/2019,86,86.519997,85.949997,86.489998,86.489998,90717
18/11/2019,86.5,86.510002,85.889999,86.010002,86.010002,121426
19/11/2019,86.199997,86.720001,85.980003,86.720001,86.720001,136417
20/11/2019,86.169998,86.169998,85.43,85.550003,85.550003,276996
21/11/2019,84.900002,85.25,84.449997,84.959999,84.959999,322679
22/11/2019,85.239998,85.620003,85.239998,85.419998,85.419998,123619
25/11/2019,85.779999,86.010002,85.650002,85.68,85.68,89083
26/11/2019,86.019997,86.510002,86.019997,86.349998,86.349998,80104
27/11/2019,86.440002,87.220001,86.349998,87.220001,87.220001,93461
28/11/2019,87.629997,87.629997,87.309998,87.32,87.32,90066
29/11/2019,87.779999,87.779999,87.139999,87.139999,87.139999,216957
2/12/2019,87.300003,87.699997,87.07,87.5,87.5,62840
3/12/2019,86.889999,86.889999,85.269997,85.400002,85.400002,207718
4/12/2019,85,85,83.870003,84.220001,84.220001,276726
5/12/2019,84.809998,85.139999,84.739998,85.089996,85.089996,214185
6/12/2019,85.190002,85.489998,85.169998,85.370003,85.370003,68063
9/12/2019,85.790001,85.870003,85.480003,85.800003,85.800003,159112
10/12/2019,85.589996,85.769997,85.349998,85.349998,85.349998,56462
11/12/2019,85.620003,85.949997,85.519997,85.870003,85.870003,65131
12/12/2019,85.760002,85.870003,85.32,85.419998,85.419998,78339
13/12/2019,85.769997,85.970001,85.68,85.940002,85.940002,111906
16/12/2019,86.309998,87.440002,86.290001,87.209999,87.209999,99659
17/12/2019,87.300003,87.5,87.089996,87.169998,87.169998,86375
18/12/2019,87.290001,87.5,86.980003,87.5,87.5,153545
19/12/2019,87.510002,87.510002,86.800003,87.379997,87.379997,121429
20/12/2019,86.989998,87.099998,86.660004,86.730003,86.730003,77475
23/12/2019,86.669998,86.669998,86.410004,86.449997,86.449997,68119
24/12/2019,86.440002,86.519997,86.25,86.43,86.43,45962
27/12/2019,86.639999,86.849998,86.5,86.809998,86.809998,52595
30/12/2019,86.860001,86.919998,86.309998,86.879997,86.879997,64856
31/12/2019,86.400002,86.400002,85.349998,85.449997,85.449997,111727
2/01/2020,85.410004,85.410004,84.400002,84.690002,84.690002,173802
3/01/2020,85.730003,85.959999,85.150002,85.150002,85.150002,155872
6/01/2020,85.099998,85.360001,84.379997,85.32,85.32,227050
7/01/2020,85.849998,86.599998,85.849998,86.510002,86.510002,188099
8/01/2020,86.529999,86.550003,85.459999,86.290001,86.290001,465352
9/01/2020,87.019997,87.260002,86.760002,87,87,159585
10/01/2020,87.400002,87.900002,87.360001,87.900002,87.900002,89273
13/01/2020,87.110001,87.379997,87,87.300003,87.300003,228976
14/01/2020,87.690002,88.160004,87.690002,88.07,88.07,99116
15/01/2020,88.220001,88.580002,88.209999,88.470001,88.470001,108072
16/01/2020,89.050003,89.18,88.980003,89.160004,89.160004,80917
17/01/2020,89.639999,89.730003,89.480003,89.5,89.5,82174
20/01/2020,89.620003,89.790001,89.550003,89.620003,89.620003,179197
21/01/2020,89.529999,89.639999,89.099998,89.400002,89.400002,116700
22/01/2020,89.540001,90.419998,89.459999,90.279999,90.279999,137775
23/01/2020,90.209999,90.209999,89.459999,89.68,89.68,116727
24/01/2020,89.849998,90.169998,89.739998,89.739998,89.739998,76557
28/01/2020,89.489998,89.489998,88.129997,88.529999,88.529999,309200
29/01/2020,89.050003,89.160004,88.779999,89,89,93585
30/01/2020,89.010002,89.059998,88.449997,88.68,88.68,73142
31/01/2020,88.910004,89.169998,88.699997,88.75,88.75,93765
3/02/2020,87.720001,87.879997,87.25,87.610001,87.610001,145066
4/02/2020,87.550003,88.129997,87.410004,87.900002,87.900002,133542
5/02/2020,88.669998,88.720001,88.080002,88.290001,88.290001,71251
6/02/2020,89.07,89.199997,88.730003,89.199997,89.199997,95308
7/02/2020,89.209999,89.339996,88.599998,88.790001,88.790001,93602
10/02/2020,88.919998,88.93,88.330002,88.629997,88.629997,103202
11/02/2020,89.129997,89.449997,89.120003,89.25,89.25,121083
12/02/2020,89.57,89.779999,89.449997,89.660004,89.660004,79138
13/02/2020,90.209999,90.410004,89.629997,89.709999,89.709999,192341
14/02/2020,89.889999,90.349998,89.830002,90.239998,90.239998,91377
17/02/2020,90.120003,90.230003,89.860001,90.169998,90.169998,115543
18/02/2020,90.110001,90.110001,89.82,90.019997,90.019997,106717
19/02/2020,90.199997,90.559998,90.07,90.540001,90.540001,97558
20/02/2020,90.940002,91.300003,90.739998,90.82,90.82,100244
21/02/2020,90.779999,90.82,90.5,90.550003,90.550003,99596
24/02/2020,89.900002,89.980003,88.449997,88.629997,88.629997,232422
25/02/2020,87.5,87.690002,86.349998,87.199997,87.199997,326271
26/02/2020,86.099998,86.099998,85.010002,85.400002,85.400002,343882
27/02/2020,84.989998,85.529999,84.25,84.610001,84.610001,458942
28/02/2020,83,83,81.699997,81.849998,81.849998,694170
2/03/2020,81,81.5,79.459999,81.389999,81.389999,619184
3/03/2020,82.860001,83.080002,81.970001,82.949997,82.949997,880679
4/03/2020,82,82,80.370003,80.550003,80.550003,437193
5/03/2020,82.110001,82.389999,81.410004,81.709999,81.709999,288806
6/03/2020,80.559998,80.709999,79.5,79.5,79.5,377079
9/03/2020,78.309998,78.699997,73.709999,73.709999,73.709999,772785
10/03/2020,71.510002,75.900002,70.650002,75.900002,75.900002,855034
11/03/2020,76.449997,76.5,73.230003,73.230003,73.230003,520539
12/03/2020,72.419998,72.489998,67.599998,68.07,68.07,1372160
13/03/2020,65.199997,70.980003,62.349998,70.980003,70.980003,1343717
16/03/2020,70,70,65.120003,65.5,65.5,903659
17/03/2020,64,67.980003,63,67.709999,67.709999,631235
18/03/2020,66.699997,67,62.290001,63.509998,63.509998,820918
19/03/2020,64.07,65.150002,60.560001,61.220001,61.220001,896876
20/03/2020,63.259998,64.089996,61.200001,61.470001,61.470001,1020654
23/03/2020,60,60.5,56.279999,58.349998,58.349998,1017788
24/03/2020,58.849998,60.490002,58.560001,60.450001,60.450001,333752
25/03/2020,65,65,61.099998,63.5,63.5,563093
26/03/2020,65,66.099998,63.950001,65.209999,65.209999,556059
27/03/2020,67,67.190002,62,62.18,62.18,799145
30/03/2020,61.990002,65.900002,61.259998,65.900002,65.900002,1058043
31/03/2020,67,68.629997,63.900002,64.919998,64.919998,1021262
1/04/2020,65.480003,66.709999,65.080002,66.139999,66.139999,394110
2/04/2020,64.510002,65.75,64,65.379997,65.379997,472156
3/04/2020,66.199997,66.400002,63.52,63.93,63.93,463888
6/04/2020,64.860001,67.150002,64.540001,67,67,330521
7/04/2020,68.5,68.769997,65.599998,66.449997,66.449997,900624
8/04/2020,66.449997,67.410004,64.800003,65.879997,65.879997,456030
9/04/2020,67.129997,68.160004,66.290001,68.160004,68.160004,601804
14/04/2020,68.400002,69.5,67.800003,69.410004,69.410004,469291
15/04/2020,69.75,70.099998,68.559998,69.190002,69.190002,408352
16/04/2020,68.400002,68.589996,67.32,68.580002,68.580002,311270
17/04/2020,69.690002,70.449997,69.370003,69.449997,69.449997,452579
20/04/2020,69.5,69.510002,67.790001,67.790001,67.790001,323472
21/04/2020,67.410004,67.699997,66.010002,66.160004,66.160004,473671
22/04/2020,65.699997,66.510002,64.529999,66.220001,66.220001,284984
23/04/2020,66.800003,66.980003,65.599998,66.129997,66.129997,224334
24/04/2020,65.970001,66.720001,65.900002,66.43,66.43,214585
27/04/2020,66.529999,67.519997,65.949997,67.239998,67.239998,177073
28/04/2020,67.5,68.129997,66.82,67.360001,67.360001,287151
29/04/2020,67.620003,68.309998,67.360001,68.309998,68.309998,157325
30/04/2020,69.360001,70.400002,68.900002,69.889999,69.889999,422769
1/05/2020,69.459999,69.459999,67,67,67,595669
4/05/2020,67,67.68,65.599998,67.529999,67.529999,647318
5/05/2020,67.82,68.660004,67.779999,68.610001,68.610001,154426
6/05/2020,68.559998,68.57,67.800003,68.330002,68.330002,237451
7/05/2020,68.339996,68.5,67.860001,68.089996,68.089996,181783
8/05/2020,68.629997,68.940002,68.43,68.510002,68.510002,127660
11/05/2020,69,69.760002,68.900002,69.370003,69.370003,257566
12/05/2020,69.300003,69.360001,68.279999,68.690002,68.690002,312164
13/05/2020,68,68.870003,67.330002,68.870003,68.870003,584232
14/05/2020,68.080002,68.449997,67.739998,67.739998,67.739998,150609
15/05/2020,68.230003,68.739998,67.910004,68.669998,68.669998,221433
18/05/2020,69.43,69.730003,69.25,69.389999,69.389999,138947
19/05/2020,71.300003,71.360001,70.529999,70.669998,70.669998,305984
20/05/2020,70,71.050003,69.800003,70.800003,70.800003,147256
21/05/2020,71.57,71.57,70.5,70.589996,70.589996,212749
22/05/2020,70.690002,70.860001,69.879997,69.940002,69.940002,398151
25/05/2020,70.949997,71.400002,70.849998,71.400002,71.400002,187993
26/05/2020,71.949997,73.440002,71.769997,73.440002,73.440002,260597
27/05/2020,73.25,74.199997,72.599998,73.449997,73.449997,338331
28/05/2020,74.459999,75.349998,74.129997,74.440002,74.440002,399346
29/05/2020,74,74.290001,73.220001,73.220001,73.220001,224928
1/06/2020,73.07,74.010002,72.400002,74.010002,74.010002,316508
2/06/2020,73.989998,74.550003,73.739998,74.25,74.25,229607
3/06/2020,74.889999,75.660004,74.720001,75.610001,75.610001,263237
4/06/2020,76.5,76.879997,75.599998,76.129997,76.129997,285898
5/06/2020,76.199997,76.57,75.809998,76.32,76.32,212878
9/06/2020,78.379997,78.879997,77.93,78.150002,78.150002,297278
10/06/2020,77.610001,78.599998,77.459999,78.129997,78.129997,210007
11/06/2020,77.099998,77.470001,75.690002,75.760002,75.760002,377790
12/06/2020,73.879997,74.839996,73.25,74.410004,74.410004,532260
15/06/2020,74.279999,74.5,72.75,72.75,72.75,492863
16/06/2020,75.010002,76.050003,74.599998,75.639999,75.639999,272404
17/06/2020,76.379997,76.379997,75.419998,76.18,76.18,219097
18/06/2020,76.25,76.25,74.879997,75.510002,75.510002,136921
19/06/2020,76.230003,76.449997,75.440002,75.650002,75.650002,141728
22/06/2020,74.959999,76,74.800003,75.639999,75.639999,154752
23/06/2020,76.18,76.419998,74.800003,75.720001,75.720001,219757
24/06/2020,75.989998,76.269997,75.620003,75.860001,75.860001,252480
25/06/2020,74.540001,75.260002,74.089996,74.089996,74.089996,314880
26/06/2020,74.650002,75.199997,74.389999,75.110001,75.110001,130142
29/06/2020,74.019997,74.400002,73.449997,73.970001,73.970001,247822
30/06/2020,74.989998,75.800003,74.839996,75.110001,75.110001,383822
1/07/2020,74.919998,75.559998,74.75,75.239998,75.239998,156236
2/07/2020,75.709999,76.639999,75.449997,76.610001,76.610001,191661
3/07/2020,77.010002,77.480003,76.400002,76.809998,76.809998,128112
6/07/2020,77.099998,77.150002,76.339996,76.339996,76.339996,103959
7/07/2020,76.959999,77.199997,76.279999,76.309998,76.309998,124123
8/07/2020,76,76.43,75.110001,75.110001,75.110001,299976
9/07/2020,75.75,76.150002,75.519997,75.660004,75.660004,147587
10/07/2020,75.5,75.68,74.949997,75.120003,75.120003,126581
13/07/2020,76.25,76.32,75.540001,75.919998,75.919998,209042
14/07/2020,75.349998,75.739998,75.169998,75.389999,75.389999,156717
15/07/2020,76.190002,76.800003,76.099998,76.800003,76.800003,223125
16/07/2020,77.25,77.25,76.019997,76.220001,76.220001,273159
17/07/2020,76.529999,76.699997,76.160004,76.540001,76.540001,106232
20/07/2020,76.620003,76.620003,76.029999,76.160004,76.160004,104497
21/07/2020,76.68,78.220001,76.669998,78.120003,78.120003,150410
22/07/2020,77.739998,77.779999,76.839996,77.089996,77.089996,105536
23/07/2020,77.029999,77.489998,76.830002,77.309998,77.309998,111407
24/07/2020,76.800003,76.82,76.32,76.5,76.5,101244
27/07/2020,76.5,76.779999,76.199997,76.779999,76.779999,79268
28/07/2020,77.129997,77.669998,76.480003,76.489998,76.489998,131223
29/07/2020,76.5,77,76.220001,77,77,166724
30/07/2020,76.849998,77.050003,76.68,76.779999,76.779999,111852
31/07/2020,76.489998,76.550003,74.849998,75.330002,75.330002,207047
3/08/2020,74.93,75.559998,74.400002,75.269997,75.269997,143093
4/08/2020,76.489998,76.949997,76.330002,76.629997,76.629997,139666
5/08/2020,76.260002,76.379997,75.730003,76.190002,76.190002,187263
6/08/2020,76.589996,76.910004,76.360001,76.779999,76.779999,228251
7/08/2020,76.459999,76.589996,76.150002,76.379997,76.379997,167647
10/08/2020,76.790001,77.849998,76.739998,77.620003,77.620003,194989
11/08/2020,77.57,78.589996,77.529999,77.919998,77.919998,143339
12/08/2020,78.489998,78.489998,77.480003,77.830002,77.830002,65412
13/08/2020,78.330002,78.330002,77.139999,77.660004,77.660004,360253
14/08/2020,77.660004,78,77.5,77.809998,77.809998,66687
17/08/2020,77.099998,77.489998,76.970001,77.25,77.25,115822
18/08/2020,77.5,78.080002,77.32,77.830002,77.830002,131643
19/08/2020,78.110001,78.870003,77.779999,78.5,78.5,122982
20/08/2020,77.82,78.010002,77.574997,77.870003,77.870003,110641
21/08/2020,78.25,78.480003,77.699997,77.800003,77.800003,171887
24/08/2020,77.709999,78.25,77.529999,78.199997,78.199997,94711
25/08/2020,78.919998,79.120003,78.230003,78.540001,78.540001,140156
26/08/2020,78.169998,78.239998,77.610001,78.059998,78.059998,121138
27/08/2020,78.230003,78.690002,78.099998,78.199997,78.199997,64492
28/08/2020,77.809998,77.949997,77.339996,77.599998,77.599998,117948
31/08/2020,77.57,78,77.5,77.580002,77.580002,76730
1/09/2020,76.900002,77.190002,75.669998,76.269997,76.269997,283815
2/09/2020,76.910004,77.860001,76.900002,77.739998,77.739998,158325
3/09/2020,78.470001,78.660004,78.129997,78.43,78.43,114954
4/09/2020,76.75,76.75,75.93,76.029999,76.029999,293908
7/09/2020,75.519997,76.540001,75.330002,76.25,76.25,151689
8/09/2020,76.809998,77.379997,76.599998,77,77,92401
9/09/2020,75.529999,75.739998,75.089996,75.470001,75.470001,210680
10/09/2020,76.610001,76.620003,75.5,75.940002,75.940002,112742
11/09/2020,75.32,75.550003,74.949997,75.300003,75.300003,173406
14/09/2020,75.739998,75.860001,75.489998,75.720001,75.720001,94889
15/09/2020,76.029999,76.029999,75.620003,75.709999,75.709999,102974
16/09/2020,76.379997,76.610001,76.220001,76.540001,76.540001,122899
17/09/2020,76.620003,76.620003,75.650002,75.650002,75.650002,145242
18/09/2020,75.830002,76.139999,75.410004,75.470001,75.470001,88481
21/09/2020,75.300003,75.559998,74.760002,74.970001,74.970001,153525
22/09/2020,74.349998,74.620003,74.150002,74.43,74.43,214409
23/09/2020,75.260002,76.370003,75.260002,76.139999,76.139999,101744
24/09/2020,75.139999,75.620003,74.860001,75.550003,75.550003,115193
25/09/2020,75.970001,76.82,75.959999,76.599998,76.599998,169381
28/09/2020,76.639999,76.800003,76.339996,76.529999,76.529999,148207
29/09/2020,77.019997,77.099998,76.260002,76.410004,76.410004,114234
30/09/2020,75.790001,75.980003,74.830002,74.830002,74.830002,318666
1/10/2020,74.720001,75.529999,74.620003,75.099998,75.099998,127349
2/10/2020,74.949997,74.949997,73.800003,73.989998,73.989998,224391
5/10/2020,75.129997,75.82,75.129997,75.760002,75.760002,144518
6/10/2020,76.199997,76.25,75.419998,75.970001,75.970001,136917
7/10/2020,76,77.18,75.889999,77,77,146386
8/10/2020,77.389999,78.18,77.389999,77.870003,77.870003,188590
9/10/2020,77.910004,78.230003,77.690002,77.989998,77.989998,109883
12/10/2020,77.970001,78.25,77.800003,78.25,78.25,124161
13/10/2020,78.919998,79.349998,78.849998,79.110001,79.110001,146027
14/10/2020,78.82,79.129997,78.739998,78.879997,78.879997,85523
15/10/2020,79.120003,79.599998,79.040001,79.300003,79.300003,147248
16/10/2020,79.169998,79.370003,78.660004,78.870003,78.870003,228788
19/10/2020,79.5,79.75,79.300003,79.550003,79.550003,153384
20/10/2020,79.279999,79.669998,78.910004,78.919998,78.919998,180900
21/10/2020,79.040001,79.239998,78.910004,79.050003,79.050003,986321
22/10/2020,78.260002,78.849998,77.849998,78.790001,78.790001,206278
23/10/2020,78.900002,78.949997,78.489998,78.949997,78.949997,74907
26/10/2020,78.639999,79.220001,78.580002,78.589996,78.589996,84061
27/10/2020,77.980003,77.989998,76.970001,77.300003,77.300003,260455
28/10/2020,76.720001,77.510002,76.650002,77.290001,77.290001,149880
29/10/2020,76.25,76.480003,75.800003,76.080002,76.080002,265391
30/10/2020,76.25,76.400002,75.599998,75.620003,75.620003,218716
2/11/2020,76.059998,76.120003,75.330002,75.949997,75.949997,149405
3/11/2020,76.269997,77.720001,76.139999,77.419998,77.419998,120863
4/11/2020,77.300003,77.739998,76.379997,77.25,77.25,180421
5/11/2020,77.849998,78.459999,77.620003,78.279999,78.279999,161157
6/11/2020,78.769997,79.18,78.599998,78.949997,78.949997,145919
9/11/2020,79.459999,80.510002,79.370003,80.449997,80.449997,292223
10/11/2020,82.449997,82.449997,80.809998,80.959999,80.959999,299158
11/11/2020,81.870003,82.370003,81.730003,82.360001,82.360001,162309
12/11/2020,82.739998,82.739998,81.739998,82,82,195217
13/11/2020,81.760002,81.980003,81.459999,81.849998,81.849998,197300
16/11/2020,82.959999,82.970001,82.580002,82.970001,82.970001,20278
17/11/2020,83.5,83.5,82.93,83.089996,83.089996,560352
18/11/2020,83.209999,83.599998,83.120003,83.489998,83.489998,135441
19/11/2020,83.330002,83.610001,82.989998,83.610001,83.610001,141743
20/11/2020,83.720001,83.879997,83.550003,83.57,83.57,128056
23/11/2020,83.800003,84.330002,83.800003,83.919998,83.919998,230854
24/11/2020,84.43,85.25,84.349998,85.050003,85.050003,180572
25/11/2020,85.650002,85.82,85.43,85.43,85.43,794830
26/11/2020,85.75,85.75,84.769997,84.769997,84.769997,138350
27/11/2020,84.639999,84.75,84.209999,84.379997,84.379997,112610
30/11/2020,84.800003,84.949997,83.410004,83.410004,83.410004,287504
1/12/2020,83.599998,84.629997,83.290001,84.300003,84.300003,460170
2/12/2020,84.720001,84.739998,83.93,84.330002,84.330002,348999
3/12/2020,84.599998,84.809998,84.449997,84.629997,84.629997,235109
4/12/2020,84.68,85.080002,84.650002,84.889999,84.889999,139436
7/12/2020,85.470001,85.900002,85.040001,85.339996,85.339996,184274
8/12/2020,85.32,85.690002,85.160004,85.550003,85.550003,157422
9/12/2020,85.949997,86.290001,85.860001,86.099998,86.099998,184914
10/12/2020,86,86.010002,85.400002,85.489998,85.489998,255958
11/12/2020,85.099998,85.330002,84.790001,84.940002,84.940002,260330
14/12/2020,85.089996,85.650002,85.050003,85.199997,85.199997,118636
15/12/2020,85.120003,85.120003,84.75,84.839996,84.839996,153684
16/12/2020,85.389999,86,85.389999,85.480003,85.480003,178399
17/12/2020,85.779999,86.489998,85.730003,86.400002,86.400002,146193
18/12/2020,86.349998,86.389999,85.360001,85.360001,85.360001,209793
21/12/2020,85.360001,85.470001,84.879997,85.290001,85.290001,105224
22/12/2020,85.209999,85.209999,84.209999,84.440002,84.440002,264591
23/12/2020,84.879997,85.269997,84.790001,85.059998,85.059998,171983
24/12/2020,85.610001,85.760002,85.330002,85.330002,85.330002,77529
29/12/2020,86,86.110001,85.5,85.830002,85.830002,148121
30/12/2020,85.699997,85.699997,84.959999,85.639999,85.639999,165787
31/12/2020,85.449997,85.68,84.559998,84.559998,84.559998,105590
4/01/2021,85.050003,85.330002,84.349998,85.279999,85.279999,201044
5/01/2021,84.790001,85.25,84.5,85.25,85.25,129323
6/01/2021,85.190002,85.199997,84.059998,84.360001,84.360001,144319
7/01/2021,85.540001,85.980003,85.279999,85.660004,85.660004,143565
8/01/2021,85.949997,86.139999,85.650002,86.110001,86.110001,167561
11/01/2021,86.120003,86.199997,85.300003,85.449997,85.449997,222883
12/01/2021,85.57,85.870003,85.190002,85.190002,85.190002,278708
13/01/2021,85.099998,85.339996,84.849998,85.25,85.25,233567
14/01/2021,85.300003,85.82,85.07,85.699997,85.699997,317199
15/01/2021,85.790001,86.169998,85.669998,85.669998,85.669998,76376
18/01/2021,85.32,85.43,84.839996,84.959999,84.959999,143218
19/01/2021,85.5,86.099998,85.5,86.099998,86.099998,131290
20/01/2021,86.129997,86.57,86.129997,86.400002,86.400002,126955
21/01/2021,87.160004,87.199997,86.849998,87.07,87.07,205450
22/01/2021,87.029999,87.07,86.699997,86.720001,86.720001,129623
25/01/2021,86.860001,87.199997,86.860001,87.099998,87.099998,130943
27/01/2021,87.099998,87.120003,86.32,86.489998,86.489998,201458
28/01/2021,85.489998,85.489998,84.160004,84.82,84.82,257874
29/01/2021,85.849998,85.949997,84.059998,84.360001,84.360001,347479
1/02/2021,84,85.230003,83.120003,85.040001,85.040001,286412
2/02/2021,85.510002,86.470001,85.489998,86.300003,86.300003,231961
3/02/2021,86.82,87.459999,86.720001,87.059998,87.059998,185371
4/02/2021,87.199997,87.199997,86.18,86.349998,86.349998,115516
5/02/2021,87.230003,87.389999,86.989998,87.330002,87.330002,129697
8/02/2021,87.25,88.050003,87.239998,87.779999,87.779999,206373
9/02/2021,87.699997,87.889999,87.040001,87.040001,87.040001,243618
10/02/2021,87.389999,87.720001,87.110001,87.589996,87.589996,239295
11/02/2021,87.769997,87.769997,87.230003,87.43,87.43,158285
12/02/2021,87.290001,87.410004,86.800003,86.900002,86.900002,125359
15/02/2021,87.400002,87.900002,87.32,87.730003,87.730003,182639
16/02/2021,88.080002,88.440002,87.870003,88.43,88.43,371290
17/02/2021,88.400002,88.440002,87.730003,88.080002,88.080002,120945
18/02/2021,88.370003,88.400002,87.800003,88.050003,88.050003,112758
19/02/2021,87.809998,87.910004,86.57,86.989998,86.989998,207169
22/02/2021,87,87.190002,86.620003,86.730003,86.730003,318365
23/02/2021,86.790001,87.580002,86.610001,87.580002,87.580002,265068
24/02/2021,87.370003,87.449997,86.669998,86.889999,86.889999,237717
25/02/2021,87.25,87.919998,87.25,87.660004,87.660004,198604
26/02/2021,86.279999,86.419998,85.300003,85.510002,85.510002,307325
1/03/2021,85.919998,87.25,85.900002,87.25,87.25,201251
2/03/2021,87.989998,88.07,86.910004,86.910004,86.910004,338695
3/03/2021,87.589996,87.589996,86.959999,87.519997,87.519997,198203
4/03/2021,87.260002,87.519997,86.419998,87.029999,87.029999,215305
5/03/2021,87.300003,87.440002,85.739998,86.370003,86.370003,236101
8/03/2021,87.669998,88.029999,86.800003,86.889999,86.889999,188125
9/03/2021,87.480003,87.709999,86.900002,87.209999,87.209999,170153
10/03/2021,87.620003,87.699997,86.459999,86.459999,86.459999,230140
11/03/2021,87.129997,87.290001,85.690002,86.529999,86.529999,166040
12/03/2021,86.940002,87.480003,86.940002,87.220001,87.220001,128396
15/03/2021,87.239998,87.650002,86.739998,87.370003,87.370003,111376
16/03/2021,87.669998,88.529999,87.449997,88.129997,88.129997,170997
17/03/2021,87.82,87.989998,87.199997,87.580002,87.580002,123854
18/03/2021,87.57,87.809998,87.029999,87.080002,87.080002,207591
19/03/2021,87.019997,87.059998,86.120003,86.790001,86.790001,232996
22/03/2021,86.779999,87.330002,86.309998,87.150002,87.150002,149071
23/03/2021,87.330002,87.559998,86.940002,86.949997,86.949997,149562
24/03/2021,87.43,87.699997,86.800003,87.419998,87.419998,169988
25/03/2021,87.75,87.800003,87.239998,87.349998,87.349998,114422
26/03/2021,87.760002,88.129997,87.739998,88.040001,88.040001,182032
29/03/2021,88.410004,88.540001,87.599998,87.769997,87.769997,193598
30/03/2021,88.129997,88.5,86.900002,87.07,87.07,195840
31/03/2021,87.720001,88.519997,87.160004,87.919998,87.919998,159121
1/04/2021,87.5,88.099998,86.690002,88,88,172925
6/04/2021,88.300003,88.599998,87.900002,88.050003,88.050003,268485
7/04/2021,88.25,88.699997,88.120003,88.620003,88.620003,163871
8/04/2021,88.82,89.699997,88.800003,89.489998,89.489998,113681
9/04/2021,89.370003,89.5,89.110001,89.5,89.5,665271
12/04/2021,89.410004,89.5,89.010002,89.260002,89.260002,170916
13/04/2021,89.470001,89.57,89.059998,89.120003,89.120003,209759
14/04/2021,89.610001,89.940002,89.300003,89.889999,89.889999,146785
15/04/2021,89.610001,90.5,89.389999,90.32,90.32,184449
16/04/2021,90.540001,90.540001,89.949997,90.370003,90.370003,138895
19/04/2021,90.720001,90.800003,90.419998,90.419998,90.419998,238479
20/04/2021,90.18,90.199997,89.699997,89.82,89.82,325622
21/04/2021,88.879997,89.510002,88.339996,89.5,89.5,284884
22/04/2021,90,90.25,89.489998,90.25,90.25,186753
23/04/2021,90.089996,90.370003,90.010002,90.300003,90.300003,136934
26/04/2021,90.410004,90.519997,90.120003,90.150002,90.150002,110751
27/04/2021,90.400002,90.400002,89.650002,90.010002,90.010002,155880
28/04/2021,90.059998,90.629997,90.029999,90.580002,90.580002,134567
29/04/2021,90.769997,90.809998,90.459999,90.629997,90.629997,210987
30/04/2021,90.330002,90.360001,89.779999,89.949997,89.949997,212731
3/05/2021,90.099998,90.459999,89.910004,89.989998,89.989998,217707
4/05/2021,90.379997,90.5,90.019997,90.5,90.5,241130
5/05/2021,90.290001,91.160004,90.190002,90.809998,90.809998,170320
6/05/2021,91,91.169998,90.099998,90.360001,90.360001,253566
7/05/2021,90.650002,90.870003,90.220001,90.599998,90.599998,160478
10/05/2021,90.82,91.849998,90.800003,91.849998,91.849998,170926
11/05/2021,91.5,91.589996,90.599998,90.870003,90.870003,156376
12/05/2021,90.540001,90.809998,89.660004,90.220001,90.220001,275019
13/05/2021,89.900002,90.169998,89.360001,89.5,89.5,200429
14/05/2021,90.220001,90.550003,89.980003,89.980003,89.980003,193086
17/05/2021,90.540001,90.699997,90.190002,90.190002,90.190002,123635
18/05/2021,90.5,90.940002,90.5,90.75,90.75,89320
19/05/2021,89.690002,89.720001,88.769997,88.919998,88.919998,436531
20/05/2021,88.93,90.209999,88.879997,90.160004,90.160004,127110
21/05/2021,90.519997,90.699997,89.900002,90.339996,90.339996,147254
24/05/2021,90.199997,90.739998,90.150002,90.459999,90.459999,94155
25/05/2021,90.790001,91.349998,90.790001,91.349998,91.349998,149043
26/05/2021,91.220001,91.690002,91.089996,91.089996,91.089996,161224
27/05/2021,91.209999,91.489998,91,91.169998,91.169998,97963
28/05/2021,91.849998,92.370003,91.849998,92.18,92.18,137272
31/05/2021,92.410004,92.639999,92,92.040001,92.040001,126410
1/06/2021,91.919998,92.029999,91.419998,91.790001,91.790001,121683
2/06/2021,92.089996,92.769997,91.849998,92.709999,92.709999,100222
3/06/2021,92.75,93.580002,92.75,93.279999,93.279999,102262
4/06/2021,93.169998,93.82,93.050003,93.660004,93.660004,189731
7/06/2021,93.940002,93.949997,93.400002,93.550003,93.550003,146132
8/06/2021,93.610001,94,93.389999,93.699997,93.699997,137334
9/06/2021,93.870003,94.25,93.400002,93.400002,93.400002,186080
10/06/2021,93.400002,93.980003,93.370003,93.779999,93.779999,129163
11/06/2021,93.879997,94.209999,93.459999,93.970001,93.970001,100149
15/06/2021,94.25,95.080002,94.25,94.919998,94.919998,183645
16/06/2021,94.830002,95.160004,94.669998,94.830002,94.830002,176947
17/06/2021,94.790001,94.830002,94.269997,94.57,94.57,176804
18/06/2021,94.82,95.099998,94.550003,94.550003,94.550003,167364
21/06/2021,93.949997,93.949997,92.620003,92.949997,92.949997,310268
22/06/2021,94.080002,94.620003,93.970001,94.260002,94.260002,194253
23/06/2021,94.25,94.260002,93.629997,93.709999,93.709999,212864
24/06/2021,93.339996,93.720001,93.110001,93.400002,93.400002,280884
25/06/2021,93.900002,94.25,93.440002,93.879997,93.879997,143004
28/06/2021,93.949997,94,93.440002,93.900002,93.900002,137780
29/06/2021,93.540001,93.989998,93.120003,93.940002,93.940002,172109
30/06/2021,94.489998,94.82,94.040001,94.040001,94.040001,112071
1/07/2021,93.639999,93.690002,92.970001,93.010002,93.010002,193133
2/07/2021,93.300003,93.68,93.129997,93.5,93.5,136662
5/07/2021,93.910004,93.959999,93.529999,93.589996,93.589996,129228
6/07/2021,93.720001,93.980003,92.839996,92.839996,92.839996,231504
7/07/2021,92.830002,93.830002,92.699997,93.75,93.75,257101
8/07/2021,94.099998,94.43,93.720001,93.900002,93.900002,173458
9/07/2021,93.080002,93.269997,92.370003,92.959999,92.959999,286506
12/07/2021,94.059998,94.160004,93.57,93.800003,93.800003,261321
13/07/2021,94.260002,94.419998,93.730003,93.730003,93.730003,176535
14/07/2021,94,94.260002,93.839996,94.059998,94.059998,133874
15/07/2021,94.199997,94.239998,93.610001,93.639999,93.639999,189057
16/07/2021,93.639999,93.989998,93.580002,93.989998,93.989998,153089
19/07/2021,93.150002,93.389999,92.690002,93.169998,93.169998,246487
20/07/2021,92.5,93.150002,92.150002,92.760002,92.760002,319563
21/07/2021,93.559998,94.080002,93.5,93.5,93.5,158774
22/07/2021,94.129997,94.449997,93.980003,94.410004,94.410004,167275
23/07/2021,94.169998,94.639999,94.050003,94.550003,94.550003,135538
26/07/2021,94.849998,94.860001,94.470001,94.540001,94.540001,177867
27/07/2021,94.830002,95.209999,94.75,94.989998,94.989998,239827
28/07/2021,94.830002,95.019997,94.169998,94.290001,94.290001,190447
29/07/2021,94.639999,94.879997,94.389999,94.830002,94.830002,172904
30/07/2021,94.919998,95.099998,94.480003,94.559998,94.559998,129128
2/08/2021,95.150002,96.040001,95.150002,95.809998,95.809998,153174
3/08/2021,95.599998,95.800003,95.330002,95.559998,95.559998,153316
4/08/2021,95.639999,96.07,95.559998,95.989998,95.989998,166225
5/08/2021,95.919998,96.25,95.839996,96.089996,96.089996,163128
6/08/2021,96.010002,96.370003,95.900002,96.370003,96.370003,226266
9/08/2021,96.760002,96.790001,96.400002,96.400002,96.400002,197720
10/08/2021,96.790001,96.910004,96.360001,96.690002,96.690002,151298
11/08/2021,97.010002,97.43,96.889999,96.989998,96.989998,136590
12/08/2021,97.529999,97.529999,96.949997,97.129997,97.129997,159388
13/08/2021,97.410004,97.82,97.410004,97.75,97.75,171907
16/08/2021,97.639999,97.650002,97.129997,97.129997,97.129997,337103
17/08/2021,97.349998,97.389999,96.150002,96.309998,96.309998,342101
18/08/2021,95.910004,96.690002,95.839996,96.290001,96.290001,475030
19/08/2021,95.699997,96.040001,95.440002,95.82,95.82,525307
20/08/2021,96.010002,96.489998,95.720001,95.809998,95.809998,266735
23/08/2021,96.209999,96.339996,95.82,96.160004,96.160004,156518
24/08/2021,96.510002,96.720001,96.370003,96.43,96.43,229789
25/08/2021,96.809998,97,96.529999,96.879997,96.879997,245450
26/08/2021,96.830002,96.830002,96.209999,96.379997,96.379997,260530
27/08/2021,96.209999,96.480003,96.089996,96.389999,96.389999,157956
30/08/2021,96.879997,96.919998,96.18,96.610001,96.610001,397298
31/08/2021,96.900002,97.330002,96.690002,97.059998,97.059998,102427
1/09/2021,96.610001,97,96.120003,96.989998,96.989998,202909
2/09/2021,97,97.220001,96.269997,96.889999,96.889999,228775
3/09/2021,97.199997,97.660004,97.160004,97.459999,97.459999,307144
6/09/2021,97.089996,97.629997,96.519997,97.629997,97.629997,285721
7/09/2021,97.709999,97.849998,97.18,97.709999,97.709999,295630
8/09/2021,97.110001,97.620003,97.040001,97.480003,97.480003,189300
9/09/2021,97.040001,97.059998,95.349998,95.760002,95.760002,509931
10/09/2021,96.150002,96.5,95.800003,96.160004,96.160004,294763
13/09/2021,96,96.610001,96,96.449997,96.449997,155303
14/09/2021,96.629997,96.739998,95.959999,96.599998,96.599998,190633
15/09/2021,96.25,96.540001,95.870003,96.32,96.32,152600
16/09/2021,96.629997,97.370003,96.580002,96.980003,96.980003,159801
17/09/2021,96.580002,96.610001,95.900002,96.029999,96.029999,321672
20/09/2021,95.279999,95.330002,93.959999,94.110001,94.110001,493726
21/09/2021,93.489998,94.68,93.339996,94.449997,94.449997,442655
22/09/2021,94.199997,95.300003,94.040001,94.790001,94.790001,245509
23/09/2021,95.5,96.010002,95.440002,95.82,95.82,186108
24/09/2021,95.940002,96.019997,95.309998,95.440002,95.440002,207908
27/09/2021,95.419998,96.43,95.389999,96,96,274556
28/09/2021,95.449997,95.5,94.559998,94.559998,94.559998,260156
29/09/2021,93.75,93.900002,92.879997,93.559998,93.559998,312659
30/09/2021,94,95.300003,94,95.239998,95.239998,214376
1/10/2021,92.760002,92.760002,91.629997,92.019997,92.019997,382162
4/10/2021,93,93.599998,92.699997,93.160004,93.160004,163991
5/10/2021,93,93.050003,92.169998,92.769997,92.769997,329618
6/10/2021,93.260002,93.269997,91.93,92.209999,92.209999,159489
7/10/2021,92.769997,93.019997,92.449997,92.849998,92.849998,304529
8/10/2021,93.660004,93.879997,93,93.559998,93.559998,201921
11/10/2021,93.5,93.559998,92.769997,93.449997,93.449997,184003
12/10/2021,92.959999,93.860001,92.949997,93.050003,93.050003,171728
13/10/2021,93.18,93.410004,92.919998,93.150002,93.150002,210392
14/10/2021,93.760002,94.330002,93.669998,93.75,93.75,156085
15/10/2021,94.540001,94.540001,93.889999,94.370003,94.370003,138102
18/10/2021,94.739998,94.790001,94.230003,94.639999,94.639999,194028
19/10/2021,94.43,94.919998,94.349998,94.529999,94.529999,309013
20/10/2021,95.110001,95.529999,95.080002,95.199997,95.199997,162138
21/10/2021,95.199997,95.510002,94.889999,95.089996,95.089996,153371
22/10/2021,95,95.260002,94.5,95.010002,95.010002,148735
25/10/2021,95.239998,95.769997,95.019997,95.360001,95.360001,117152
26/10/2021,95.660004,95.830002,95.389999,95.480003,95.480003,159993
27/10/2021,95.510002,95.879997,95.129997,95.519997,95.519997,199350
28/10/2021,95.519997,95.519997,94.940002,95.220001,95.220001,154546
29/10/2021,95.360001,95.419998,93.660004,93.720001,93.720001,315179
1/11/2021,94.769997,94.870003,93.949997,94.589996,94.589996,229569
2/11/2021,94.809998,94.910004,93.779999,93.970001,93.970001,254557
3/11/2021,94.669998,95.400002,94.639999,94.830002,94.830002,179480
4/11/2021,95.120003,95.290001,94.970001,95.290001,95.290001,175030
5/11/2021,95.599998,96.050003,95.57,95.779999,95.779999,222849
8/11/2021,96,96.139999,95.584999,95.839996,95.839996,138624
9/11/2021,95.900002,96.059998,95.57,95.620003,95.620003,249791
10/11/2021,95.82,95.980003,95.309998,95.449997,95.449997,166354
11/11/2021,95.349998,95.43,94.220001,94.910004,94.910004,213956
12/11/2021,95.309998,95.989998,95.260002,95.709999,95.709999,192601
15/11/2021,95.989998,96.279999,95.849998,96.199997,96.199997,129116
16/11/2021,95.900002,95.93,95.300003,95.540001,95.540001,167345
17/11/2021,95.599998,95.790001,94.559998,94.910004,94.910004,207795
18/11/2021,95,95.349998,94.599998,95.089996,95.089996,159514
19/11/2021,95.059998,95.529999,95,95.279999,95.279999,110713
22/11/2021,95.309998,95.5,94.510002,94.849998,94.849998,185155
23/11/2021,95,95.699997,94.669998,95.699997,95.699997,253180
24/11/2021,95.389999,95.620003,95.019997,95.220001,95.220001,206074
25/11/2021,95.349998,95.459999,94.900002,95.400002,95.400002,166341
26/11/2021,95.349998,95.370003,93.480003,93.760002,93.760002,478163
29/11/2021,92.769997,93.699997,92.68,93.220001,93.220001,357898
30/11/2021,93.75,94.470001,93.599998,93.650002,93.650002,346239
1/12/2021,93.300003,93.580002,92.470001,93.230003,93.230003,344121
2/12/2021,92.800003,93.220001,92.18,93.019997,93.019997,381705
3/12/2021,93.610001,93.82,92.800003,93.199997,93.199997,297185
6/12/2021,93.199997,93.400002,92.730003,93.349998,93.349998,218105
7/12/2021,93.959999,94.18,93.410004,93.989998,93.989998,172247
8/12/2021,94.830002,95.730003,94.5,95.230003,95.230003,311515
9/12/2021,95.199997,95.389999,94.839996,94.940002,94.940002,175681
10/12/2021,94.599998,94.800003,94.360001,94.559998,94.559998,204000
13/12/2021,94.940002,95.510002,94.849998,95.080002,95.080002,202408
14/12/2021,94.580002,95.230003,94.5,95.019997,95.019997,187060
15/12/2021,94.620003,94.790001,93.989998,94.18,94.18,220597
16/12/2021,94.5,94.589996,93.639999,93.889999,93.889999,483254
17/12/2021,94.169998,94.639999,94.040001,94.110001,94.110001,122126
20/12/2021,93.889999,93.980003,93.419998,93.900002,93.900002,154697
21/12/2021,94,94.699997,93.800003,94.629997,94.629997,148460
22/12/2021,94.769997,94.800003,94.269997,94.709999,94.709999,154121
23/12/2021,95,95.279999,94.860001,95.040001,95.040001,213264
24/12/2021,95.669998,95.75,95.459999,95.510002,95.510002,75436
29/12/2021,96.099998,96.809998,96.099998,96.639999,96.639999,145791
30/12/2021,96.910004,96.949997,96.620003,96.760002,96.760002,130750
31/12/2021,96.800003,96.839996,95.870003,95.870003,95.870003,168864
4/01/2022,95.879997,97.190002,95.779999,97.129997,97.129997,175882
5/01/2022,97.370003,97.480003,96.669998,96.720001,96.720001,107628
6/01/2022,96.5,96.5,93.849998,94.190002,94.190002,330889
7/01/2022,95.059998,95.739998,94.900002,95.300003,95.300003,175067
10/01/2022,95.25,95.279999,94.660004,95.199997,95.199997,174889
11/01/2022,94.660004,94.959999,94.330002,94.510002,94.510002,219756
12/01/2022,95.230003,95.480003,94.889999,95.029999,95.029999,129266
13/01/2022,95.330002,95.699997,95.25,95.57,95.57,115193
14/01/2022,94.940002,95.080002,94.419998,94.550003,94.550003,302650
17/01/2022,94.959999,95,94.389999,94.839996,94.839996,199308
18/01/2022,95,95.199997,94.589996,94.699997,94.699997,164276
19/01/2022,94.25,94.480003,93.709999,93.82,93.82,360872
20/01/2022,93.650002,94.010002,93.349998,93.940002,93.940002,263940
21/01/2022,93.400002,93.5,91.519997,91.870003,91.870003,462583
24/01/2022,91.300003,91.559998,90.669998,91.32,91.32,438198
25/01/2022,90.739998,90.779999,88.410004,89.040001,89.040001,692952
27/01/2022,89.040001,90.110001,86.349998,87.400002,87.400002,815561
28/01/2022,88.529999,89.540001,87.419998,89.360001,89.360001,985589
31/01/2022,90,90.349998,88.550003,89.110001,89.110001,447409
1/02/2022,89.32,90.07,88.760002,89.559998,89.559998,435854
2/02/2022,90.339996,90.940002,90.239998,90.68,90.68,303569
3/02/2022,90.400002,90.599998,90.129997,90.529999,90.529999,218662
4/02/2022,90.160004,91.089996,90.080002,91.089996,91.089996,191971
7/02/2022,90.510002,91.120003,90.050003,90.940002,90.940002,177826
8/02/2022,90.839996,92.110001,90.809998,91.879997,91.879997,200914
9/02/2022,92.349998,92.889999,91.870003,92.889999,92.889999,296107
10/02/2022,93.440002,93.879997,92.910004,93.18,93.18,194129
11/02/2022,92.529999,92.769997,91.879997,92.25,92.25,215157
14/02/2022,91.93,92.879997,91.860001,92.480003,92.480003,154343
15/02/2022,92.050003,92.489998,91.949997,92.110001,92.110001,162217
16/02/2022,93.029999,93.25,92.25,93.25,93.25,135336
17/02/2022,93.489998,94.150002,93.209999,93.400002,93.400002,261934
18/02/2022,92.339996,92.959999,92.190002,92.489998,92.489998,424422
21/02/2022,91.849998,92.800003,91.57,92.610001,92.610001,266271
22/02/2022,91.449997,91.949997,91.010002,91.699997,91.699997,198202
23/02/2022,91.440002,92.239998,91.440002,92.239998,92.239998,156579
24/02/2022,91.220001,91.339996,89.650002,90.059998,90.059998,353853
25/02/2022,91.019997,91.099998,89.879997,90.330002,90.330002,1371453
28/02/2022,90.720001,91.010002,90.099998,91,91,205615
1/03/2022,91.559998,92.410004,91.489998,91.559998,91.559998,179881
2/03/2022,90.980003,92,90.870003,91.980003,91.980003,155353
3/03/2022,92.709999,93.040001,92.449997,92.860001,92.860001,125296
4/03/2022,91.940002,92.089996,90.800003,91.919998,91.919998,436396
7/03/2022,92.010002,92.209999,90.559998,90.949997,90.949997,334894
8/03/2022,90.809998,91.239998,90.260002,90.260002,90.260002,189302
9/03/2022,90.32,91.449997,90.150002,91.239998,91.239998,1044073
10/03/2022,91.919998,92.830002,91.470001,92.379997,92.379997,1009144
11/03/2022,92.230003,92.629997,91.32,91.480003,91.480003,205155
14/03/2022,91.949997,92.639999,91.949997,92.599998,92.599998,157717
15/03/2022,91.980003,92.169998,91.699997,91.949997,91.949997,155740
16/03/2022,92.449997,93,92.25,92.940002,92.940002,258746
17/03/2022,94.5,94.699997,93.800003,93.970001,93.970001,148816
18/03/2022,94.169998,94.339996,93.900002,94.209999,94.209999,182102
21/03/2022,95,95.25,94.290001,94.290001,94.290001,141544
22/03/2022,95.239998,95.599998,95.139999,95.139999,95.139999,140971
23/03/2022,95.480003,95.75,95.360001,95.639999,95.639999,123489
24/03/2022,95.32,95.910004,95.279999,95.75,95.75,151269
25/03/2022,96.099998,96.349998,95.809998,96.040001,96.040001,145387
28/03/2022,96.339996,96.550003,96.089996,96.089996,96.089996,202098
29/03/2022,96.5,96.980003,96.440002,96.75,96.75,143489
30/03/2022,97.330002,97.660004,97.25,97.419998,97.419998,304310
31/03/2022,97.699997,97.919998,97.209999,97.209999,97.209999,207792
1/04/2022,94.910004,95.389999,94.839996,95.110001,95.110001,165141
4/04/2022,95.519997,95.699997,95.410004,95.43,95.43,144262
5/04/2022,95.900002,96.25,95.459999,95.650002,95.650002,197241
6/04/2022,94.940002,95.199997,94.440002,95.139999,95.139999,170782
7/04/2022,94.629997,94.800003,94.440002,94.510002,94.510002,168138
8/04/2022,95,95.089996,94.669998,94.940002,94.940002,171177
11/04/2022,95.120003,95.519997,94.82,95.059998,95.059998,182101
12/04/2022,94.769997,95.010002,94.300003,94.599998,94.599998,179763
13/04/2022,94.739998,95.050003,94.660004,94.919998,94.919998,122561
14/04/2022,95.199997,95.639999,95.199997,95.559998,95.559998,109752
19/04/2022,95.709999,96.349998,95.690002,96.110001,96.110001,130111
20/04/2022,96.690002,96.900002,96.190002,96.220001,96.220001,119358
21/04/2022,96.709999,96.730003,96.190002,96.519997,96.519997,165378
22/04/2022,95.339996,95.370003,94.660004,94.919998,94.919998,331779
26/04/2022,93.019997,93.32,92.599998,93,93,2171964
27/04/2022,91.959999,92.519997,91.830002,92.230003,92.230003,534125
28/04/2022,92.940002,93.419998,92.800003,93.419998,93.419998,255441
29/04/2022,93.940002,94.389999,93.849998,94.389999,94.389999,264171
2/05/2022,94,94,92.690002,93.300003,93.300003,244880
3/05/2022,92.959999,93.389999,92.639999,92.860001,92.860001,148707
4/05/2022,93.470001,93.510002,92.650002,92.75,92.75,166906
5/05/2022,93.440002,93.540001,92.800003,93.440002,93.440002,400731
6/05/2022,91.959999,92.029999,90.860001,91.449997,91.449997,491773
9/05/2022,91.129997,91.129997,90.07,90.43,90.43,483615
10/05/2022,89.279999,89.43,88.019997,89.43,89.43,735930
11/05/2022,89.370003,89.870003,88.769997,89.870003,89.870003,395053
12/05/2022,89.269997,89.330002,88,88.199997,88.199997,356454
13/05/2022,88.769997,89.93,88.730003,89.93,89.93,211305
16/05/2022,90.589996,90.889999,89.989998,90.18,90.18,210794
17/05/2022,90.57,90.669998,90.209999,90.470001,90.470001,154227
18/05/2022,91.260002,91.57,91,91.370003,91.370003,232245
19/05/2022,89.610001,90.18,89.57,90.040001,90.040001,268640
20/05/2022,90.230003,91.07,90.040001,91.059998,91.059998,225006
23/05/2022,91.419998,91.599998,90.830002,91.029999,91.029999,230130
24/05/2022,91.120003,91.239998,90.669998,90.769997,90.769997,148910
25/05/2022,90.989998,91.489998,90.860001,91.07,91.07,209132
26/05/2022,91.080002,91.400002,90.419998,90.419998,90.419998,167493
27/05/2022,91.57,91.599998,91.089996,91.440002,91.440002,204526
30/05/2022,92.529999,92.760002,92.129997,92.760002,92.760002,175521
31/05/2022,92.800003,92.800003,91.760002,91.760002,91.760002,415910
1/06/2022,91.989998,92.190002,91.650002,92.010002,92.010002,379633
2/06/2022,91.190002,91.230003,90.900002,91.209999,91.209999,249015
3/06/2022,92.190002,92.269997,91.800003,92.050003,92.050003,347916
6/06/2022,91.660004,91.879997,91.5,91.68,91.68,78257
7/06/2022,91.629997,91.629997,90.059998,90.290001,90.290001,1575625
8/06/2022,90.849998,91.139999,90.510002,90.599998,90.599998,188471
9/06/2022,90.139999,90.139999,89.300003,89.300003,89.300003,289195
10/06/2022,88.379997,88.620003,88.050003,88.169998,88.169998,380226
14/06/2022,86.989998,86.989998,83.440002,85,85,986192
15/06/2022,84.650002,84.879997,83.699997,83.870003,83.870003,431646
16/06/2022,84.660004,84.980003,83.650002,83.709999,83.709999,427461
17/06/2022,83,83.099998,81.470001,82.309998,82.309998,517426
20/06/2022,82.550003,82.599998,81.470001,81.870003,81.870003,454370
21/06/2022,82.5,83.150002,82.25,82.93,82.93,407809
22/06/2022,83.489998,83.639999,82.550003,82.739998,82.739998,187756
23/06/2022,82.760002,83.32,82.75,83,83,277533
24/06/2022,83.099998,83.75,82.639999,83.620003,83.620003,238705
27/06/2022,84.739998,85.449997,84.639999,85.279999,85.279999,376217
28/06/2022,85.309998,86.010002,85.260002,86.010002,86.010002,386189
29/06/2022,85.309998,85.629997,84.910004,85.339996,85.339996,255193
30/06/2022,85.32,85.330002,83.75,83.75,83.75,286596
1/07/2022,80.699997,82.18,80.449997,81.169998,81.169998,395108
4/07/2022,82.139999,82.599998,81.879997,82.07,82.07,284803
5/07/2022,82.449997,82.559998,81.769997,82.169998,82.169998,700318
6/07/2022,81.470001,82.519997,81.470001,81.790001,81.790001,302681
7/07/2022,82.230003,82.5,81.790001,82.5,82.5,115800
8/07/2022,83.139999,83.279999,82.739998,82.860001,82.860001,337422
11/07/2022,82.980003,82.980003,81.949997,81.949997,81.949997,245337
12/07/2022,82.309998,82.5,81.910004,81.910004,81.910004,568200
13/07/2022,81.849998,82.110001,81.650002,82.089996,82.089996,159446
14/07/2022,81.690002,82.580002,81.610001,82.540001,82.540001,177334
15/07/2022,81.830002,82,81.099998,81.949997,81.949997,487067
18/07/2022,82.669998,82.959999,82.040001,82.959999,82.959999,232387
19/07/2022,82.970001,83.050003,82.400002,82.5,82.5,341763
20/07/2022,83.57,84.150002,83.370003,83.919998,83.919998,442793
21/07/2022,83.919998,84.330002,83.690002,84.330002,84.330002,389830
22/07/2022,84.209999,84.610001,83.900002,84.300003,84.300003,209489
25/07/2022,84.199997,84.440002,84.059998,84.279999,84.279999,170931
26/07/2022,84.470001,84.57,84.160004,84.470001,84.470001,144817
27/07/2022,84.300003,84.830002,84.120003,84.739998,84.739998,210675
28/07/2022,85.540001,85.599998,84.900002,85.510002,85.510002,486385
29/07/2022,86.269997,86.620003,86.18,86.260002,86.260002,254444
1/08/2022,86.639999,86.860001,86.330002,86.860001,86.860001,226274
2/08/2022,86.550003,86.959999,86.25,86.889999,86.889999,150479
3/08/2022,86.650002,86.660004,85.870003,86.610001,86.610001,419689
4/08/2022,87.059998,87.239998,86.639999,86.639999,86.639999,193437
5/08/2022,87,87.190002,86.599998,87.190002,87.190002,166779
8/08/2022,86.889999,87.300003,86.779999,87.25,87.25,193214
9/08/2022,87.120003,87.400002,87.099998,87.32,87.32,236395
10/08/2022,87.07,87.349998,86.82,86.900002,86.900002,467492
11/08/2022,87.949997,87.970001,87.519997,87.879997,87.879997,215136
12/08/2022,87.68,87.699997,87.199997,87.489998,87.489998,206988
15/08/2022,87.75,88.050003,87.690002,87.919998,87.919998,289350
16/08/2022,88.400002,88.779999,88.260002,88.410004,88.410004,237652
17/08/2022,88.620003,88.889999,88.300003,88.849998,88.849998,172545
18/08/2022,88.660004,88.690002,88.199997,88.599998,88.599998,160706
19/08/2022,88.870003,88.949997,88.580002,88.639999,88.639999,184126
22/08/2022,87.949997,88.089996,87.620003,87.82,87.82,217069
23/08/2022,87.290001,87.470001,86.760002,86.760002,86.760002,249479
24/08/2022,86.959999,87.459999,86.940002,87.300003,87.300003,281243
25/08/2022,87.639999,88.029999,87.400002,87.93,87.93,112931
26/08/2022,88.32,88.919998,88.029999,88.589996,88.589996,256523
29/08/2022,86.900002,87.169998,86.559998,86.849998,86.849998,209744
30/08/2022,87.230003,87.5,87.050003,87.290001,87.290001,217225
31/08/2022,86.660004,87.32,86.580002,87.25,87.25,240599
1/09/2022,86,86.529999,85.870003,86.059998,86.059998,241025
2/09/2022,86.110001,86.220001,85.739998,85.889999,85.889999,154662
5/09/2022,86.139999,86.269997,85.790001,86.260002,86.260002,316802
6/09/2022,86.410004,86.769997,85.93,85.989998,85.989998,277941
7/09/2022,85.610001,85.650002,84.629997,84.809998,84.809998,275497
8/09/2022,85.120003,86.470001,85.120003,86.470001,86.470001,394517
9/09/2022,86.57,87.099998,86.370003,87.07,87.07,188499
12/09/2022,88.029999,88.089996,87.699997,87.949997,87.949997,143295
13/09/2022,88.5,88.629997,88.220001,88.550003,88.550003,180262
14/09/2022,86.440002,86.5,85.919998,86.209999,86.209999,321139
15/09/2022,86.589996,86.940002,86.419998,86.489998,86.489998,146164
16/09/2022,85.870003,85.940002,85.099998,85.169998,85.169998,276367
19/09/2022,85.199997,85.440002,84.959999,85.029999,85.029999,176641
20/09/2022,85.809998,86.139999,85.699997,86.139999,86.139999,104083
21/09/2022,85.279999,85.330002,84.669998,84.779999,84.779999,189191
23/09/2022,84.209999,84.279999,82.769997,83.18,83.18,290168
26/09/2022,82.5,82.5,81.389999,81.870003,81.870003,489409
27/09/2022,82.029999,82.260002,81.809998,82.089996,82.089996,215494
28/09/2022,81.769997,82.32,81.290001,81.730003,81.730003,249777
29/09/2022,82.900002,83.389999,82.769997,82.879997,82.879997,144954
30/09/2022,82.610001,82.629997,81.629997,81.629997,81.629997,195984
3/10/2022,80.989998,80.989998,79.599998,80.199997,80.199997,211231
4/10/2022,81.449997,83.150002,81.449997,83.120003,83.120003,385897
5/10/2022,84.160004,84.629997,84.160004,84.629997,84.629997,270744
6/10/2022,84.279999,84.760002,84.199997,84.660004,84.660004,142147
7/10/2022,83.889999,84.269997,83.839996,84.019997,84.019997,100418
10/10/2022,82.860001,83.029999,82.540001,82.830002,82.830002,201573
11/10/2022,83.080002,83.32,82.529999,82.529999,82.529999,113734
12/10/2022,82.279999,82.800003,82.279999,82.550003,82.550003,141629
13/10/2022,82.449997,82.900002,82.370003,82.410004,82.410004,201645
14/10/2022,83.739998,84.050003,83.650002,83.910004,83.910004,104420
17/10/2022,82.790001,82.800003,82.400002,82.68,82.68,277834
18/10/2022,83.629997,84.260002,83.629997,84.150002,84.150002,215929
19/10/2022,84.150002,84.690002,84.150002,84.370003,84.370003,132167
20/10/2022,83.639999,83.690002,83.139999,83.510002,83.510002,339225
21/10/2022,83.190002,83.220001,82.690002,82.860001,82.860001,180282
24/10/2022,84.610001,84.699997,84,84.089996,84.089996,145731
25/10/2022,84.529999,84.800003,84.269997,84.379997,84.379997,635484
26/10/2022,84.690002,84.959999,84.379997,84.489998,84.489998,217084
27/10/2022,84.989998,85.300003,84.800003,84.970001,84.970001,162737
28/10/2022,85,85,84.089996,84.230003,84.230003,310811
31/10/2022,85.059998,85.300003,84.660004,85.190002,85.190002,200884
1/11/2022,85.160004,86.559998,85.139999,86.559998,86.559998,167500
2/11/2022,86.599998,87.029999,86.599998,86.75,86.75,108496
3/11/2022,85.32,85.32,84.629997,85.129997,85.129997,302858
4/11/2022,84.830002,85.540001,84.739998,85.519997,85.519997,147127
7/11/2022,86.239998,86.279999,85.82,86.18,86.18,196913
8/11/2022,86.5,86.629997,86.269997,86.480003,86.480003,171830
9/11/2022,86.839996,87.160004,86.809998,87.019997,87.019997,125632
10/11/2022,86.620003,86.809998,86.410004,86.540001,86.540001,156244
11/11/2022,88.839996,89.150002,88.529999,88.919998,88.919998,314309
14/11/2022,89.360001,89.459999,88.800003,88.800003,88.800003,232296
15/11/2022,88.82,88.889999,88.540001,88.889999,88.889999,245589
16/11/2022,88.669998,88.839996,88.400002,88.629997,88.629997,860172
17/11/2022,88.910004,89.040001,88.699997,88.940002,88.940002,124833
18/11/2022,88.93,89.279999,88.919998,89.089996,89.089996,134188
21/11/2022,89.379997,89.5,88.830002,88.919998,88.919998,139156
22/11/2022,89.379997,89.589996,89.239998,89.459999,89.459999,162293
23/11/2022,90.150002,90.220001,89.839996,90,90,102583
24/11/2022,90.260002,90.449997,90.129997,90.129997,90.129997,140914
25/11/2022,90.349998,90.489998,90.220001,90.339996,90.339996,115470
28/11/2022,90.220001,90.220001,89.839996,89.970001,89.970001,313073
29/11/2022,89.849998,90.269997,89.629997,90.239998,90.239998,112345
30/11/2022,90.120003,90.790001,89.870003,90.650002,90.650002,207843
1/12/2022,91.790001,91.849998,91.349998,91.540001,91.540001,275471
2/12/2022,91.32,91.370003,90.809998,90.919998,90.919998,236903
5/12/2022,91.120003,91.540001,90.919998,91.230003,91.230003,611810
6/12/2022,90.720001,91.169998,90.690002,90.800003,90.800003,250973
7/12/2022,90.139999,90.389999,89.900002,89.989998,89.989998,170037
8/12/2022,89.910004,89.940002,89.220001,89.309998,89.309998,296878
9/12/2022,89.669998,89.870003,89.419998,89.809998,89.809998,117351
12/12/2022,89.470001,89.470001,89.089996,89.400002,89.400002,198465
13/12/2022,89.900002,89.989998,89.519997,89.629997,89.629997,450291
14/12/2022,90.07,90.309998,89.699997,90.260002,90.260002,792503
15/12/2022,89.800003,90.129997,89.559998,89.660004,89.660004,193884
16/12/2022,88.800003,89.440002,88.57,88.980003,88.980003,155356
19/12/2022,88.589996,89.050003,88.57,88.800003,88.800003,239837
20/12/2022,88.57,88.709999,87.300003,87.440002,87.440002,357111
21/12/2022,88.139999,88.839996,88.129997,88.5,88.5,154546
22/12/2022,89,89.18,88.879997,88.949997,88.949997,1209246
23/12/2022,88.339996,88.389999,87.82,88.360001,88.360001,224131
28/12/2022,88.5,88.610001,87.879997,88.169998,88.169998,759834
29/12/2022,87.82,87.82,87.089996,87.440002,87.440002,280709
30/12/2022,87.93,88.129997,87.699997,87.699997,87.699997,96586
3/01/2023,87.650002,87.650002,85.239998,85.82,85.82,310891
4/01/2023,86.389999,87.199997,86.309998,87.190002,87.190002,113157
5/01/2023,87.5,87.779999,87.150002,87.32,87.32,138744
6/01/2023,87.389999,87.970001,87.290001,87.870003,87.870003,162973
9/01/2023,88.559998,88.849998,88.330002,88.400002,88.400002,203066
10/01/2023,88.300003,88.419998,88.050003,88.139999,88.139999,709371
11/01/2023,88.559998,89.080002,88.5,88.959999,88.959999,129532
12/01/2023,89.790001,90.150002,89.510002,90,90,442728
13/01/2023,90.419998,91,90.419998,90.650002,90.650002,267870
16/01/2023,91.110001,91.5,91.040001,91.410004,91.410004,163172
17/01/2023,91.050003,91.550003,91.050003,91.309998,91.309998,212072
18/01/2023,91.43,91.660004,91.230003,91.400002,91.400002,157245
19/01/2023,91.269997,92,91.25,91.949997,91.949997,171122
20/01/2023,92,92.199997,91.800003,92.07,92.07,138951
23/01/2023,92.220001,92.400002,91.919998,92.199997,92.199997,110989
24/01/2023,92.410004,92.699997,92.160004,92.620003,92.620003,239061
25/01/2023,92.800003,92.82,92.120003,92.349998,92.349998,419072
27/01/2023,92.800003,92.830002,92.5,92.589996,92.589996,137604
30/01/2023,92.709999,92.830002,92.379997,92.480003,92.480003,140224
31/01/2023,92.540001,92.919998,92.260002,92.440002,92.440002,264302
1/02/2023,92.900002,93.169998,92.620003,92.690002,92.690002,96385
2/02/2023,93.099998,93.290001,92.769997,92.839996,92.839996,189141
3/02/2023,93.07,93.5,92.75,93.43,93.43,160000
6/02/2023,93.379997,93.550003,93.07,93.169998,93.169998,236643
7/02/2023,93.040001,93.330002,92.589996,92.650002,92.650002,168894
8/02/2023,92.910004,93.080002,92.849998,93.029999,93.029999,205045
9/02/2023,92.589996,92.879997,92.419998,92.540001,92.540001,123490
10/02/2023,92.089996,92.209999,91.75,91.800003,91.800003,254409
13/02/2023,91.800003,91.800003,91.449997,91.599998,91.599998,337121
14/02/2023,92.160004,92.379997,91.720001,91.75,91.75,285781
15/02/2023,91.629997,91.660004,90.599998,90.860001,90.860001,396994
16/02/2023,91.349998,91.730003,90.959999,91.559998,91.559998,326310
17/02/2023,91.239998,91.309998,90.809998,90.809998,90.809998,266403
20/02/2023,90.900002,90.919998,90.610001,90.870003,90.870003,261977
21/02/2023,90.339996,90.760002,90.150002,90.699997,90.699997,1012125
22/02/2023,90.150002,90.669998,89.980003,90.519997,90.519997,329210
23/02/2023,90.309998,90.470001,90.190002,90.25,90.25,250557
24/02/2023,90.169998,90.610001,90.139999,90.489998,90.489998,430422
27/02/2023,89.68,89.889999,89.139999,89.519997,89.519997,303698
28/02/2023,89.910004,90.199997,89.860001,89.910004,89.910004,124993
1/03/2023,89.900002,90.209999,89.489998,89.959999,89.959999,231000
2/03/2023,90.050003,90.419998,89.919998,90.099998,90.099998,272573
3/03/2023,90.519997,90.580002,90.279999,90.459999,90.459999,378716
6/03/2023,91.150002,91.279999,90.949997,91.040001,91.040001,223439
7/03/2023,90.919998,91.629997,90.75,91.540001,91.540001,158078
8/03/2023,90.959999,91.190002,90.730003,90.989998,90.989998,180378
9/03/2023,91.470001,91.660004,91.290001,91.449997,91.449997,112854
10/03/2023,90.540001,90.540001,89.230003,89.339996,89.339996,350229
13/03/2023,89.339996,89.400002,88.419998,88.870003,88.870003,311961
14/03/2023,88,88.5,86.889999,87.540001,87.540001,544869
15/03/2023,88.290001,88.410004,87.800003,88.349998,88.349998,196069
16/03/2023,87.07,87.279999,86.410004,87.169998,87.169998,530292
17/03/2023,87.360001,87.5,86.949997,87.489998,87.489998,267932
20/03/2023,86.779999,87.279999,86.260002,86.290001,86.290001,296956
21/03/2023,87,87.459999,86.959999,87.029999,87.029999,172306
22/03/2023,87.919998,87.959999,87.699997,87.769997,87.769997,134701
23/03/2023,87.269997,87.300003,86.919998,87.150002,87.150002,137331
24/03/2023,86.669998,87.029999,86.550003,86.980003,86.980003,214882
27/03/2023,87.260002,87.43,87.029999,87.099998,87.099998,215354
28/03/2023,87.589996,88.129997,87.550003,87.949997,87.949997,144747
29/03/2023,87.739998,88.18,87.660004,88.18,88.18,119369
30/03/2023,88.889999,89.139999,88.800003,89.050003,89.050003,187419
31/03/2023,89.699997,89.889999,89.599998,89.779999,89.779999,330512
3/04/2023,89.800003,90.089996,89.599998,89.790001,89.790001,130598
4/04/2023,89.82,89.980003,89.68,89.93,89.93,228230
5/04/2023,89.889999,90.279999,89.830002,89.940002,89.940002,133905
6/04/2023,90.019997,90.120003,89.519997,89.730003,89.730003,144212
11/04/2023,90.370003,91.040001,90.370003,90.879997,90.879997,182555
12/04/2023,91.480003,91.660004,91.230003,91.309998,91.309998,133671
13/04/2023,91.18,91.309998,90.919998,90.980003,90.980003,105547
14/04/2023,91.150002,91.57,90.949997,91.510002,91.510002,125699
17/04/2023,91.769997,91.900002,91.639999,91.769997,91.769997,109375
18/04/2023,91.449997,91.589996,91.230003,91.470001,91.470001,119615
19/04/2023,91.470001,91.68,91.419998,91.559998,91.559998,111339
20/04/2023,91.519997,91.790001,91.32,91.529999,91.529999,90158
21/04/2023,91,91.290001,90.879997,91.07,91.07,111078
24/04/2023,90.970001,91.150002,90.860001,91.010002,91.010002,101923
26/04/2023,90.800003,91.050003,90.57,90.959999,90.959999,146411
27/04/2023,90.75,90.760002,90.410004,90.599998,90.599998,184476
28/04/2023,91.080002,91.199997,90.68,90.879997,90.879997,155527
1/05/2023,91.349998,91.660004,91.199997,91.199997,91.199997,140248
2/05/2023,90.919998,91.150002,90.080002,90.279999,90.279999,280760
3/05/2023,89.720001,89.720001,89,89.410004,89.410004,337096
4/05/2023,88.82,89.519997,88.779999,89.449997,89.449997,204704
5/05/2023,89.300003,89.779999,89.150002,89.760002,89.760002,163385
8/05/2023,90.660004,90.68,90.199997,90.5,90.5,227189
9/05/2023,90.360001,90.400002,90.059998,90.330002,90.330002,144115
10/05/2023,90.059998,90.410004,90.040001,90.309998,90.309998,136590
11/05/2023,90.349998,90.440002,90.110001,90.400002,90.400002,148612
12/05/2023,90.290001,90.480003,90.169998,90.449997,90.449997,175934
15/05/2023,90.57,90.739998,90.339996,90.699997,90.699997,163818
16/05/2023,90.739998,90.75,90.300003,90.32,90.32,142248
17/05/2023,89.790001,89.970001,89.339996,89.800003,89.800003,280355
18/05/2023,90.410004,90.599998,90.209999,90.309998,90.309998,154772
19/05/2023,90.589996,91.050003,90.580002,90.940002,90.940002,95848
